ITEM_ID,ORD_CLOSED_DT,PRICE,PRICE_MEAN_GLOBAL,PRICE_STD_GLOBAL,PRICE_MEAN_ROLLING,PRICE_STD_ROLLING,PRICE_LAG_1,PRICE_DIFF,PRICE_DIFF_PCT,PRICE_DIFF_VS_MEAN,PRICE_MIN_ROLLING,PRICE_MAX_ROLLING,ZSCORE,TRUE_LABEL,PRED_LLM,CONFIDENCE_LLM,REASON_LLM,LATENCY_LLM,COST_LLM,INPUT_TOKENS,OUTPUT_TOKENS
MLB3836681004,2024-01-24,108.9708,95.74903916319366,113.22253408751128,109.1908999999998,103.89076643686955,23.1744,85.7964,370.2205882352941,-0.2200999999998174,23.1744,266.0015,0.1167767612886961,NORMAL,ANOMALO,0.99,cambio porcentual extremadamente alto,493.0591583251953,0.0,177,31
MLB3836681004,2024-01-20,235.5993,95.74903916319366,113.22253408751128,83.45542857142846,86.84117116734424,177.8763,57.72300000000001,32.451203448688794,152.14387142857154,20.7391,235.5993,1.235180451943977,NORMAL,ANOMALO,0.9,El precio actual supera en un 32.45% el precio del dia anterior y se encuentra a 152.14 unidades por,501.77597999572754,0.0,177,71
MLB3836655204,2024-02-04,97.5966,76.06296687645155,85.58009999829443,71.82968571428557,47.8103982555907,128.3112,-30.71460000000002,-23.937583001328036,25.76691428571442,5.7013,128.3112,0.2516196302815888,NORMAL,ANOMALO,0.8,cambio porcentual grande y diferencia vs media historica significativa,390.46716690063477,0.0,177,37
MLB3836655204,2024-02-09,92.4917,76.06296687645155,85.58009999829443,61.91301428571423,58.46031429934336,54.2298,38.2619,70.55511914113643,30.57868571428577,12.0913,179.3886,0.1919690806853014,NORMAL,ANOMALO,0.9,cambio porcentual alto y diferencia significativa vs media historica y movil,747.891902923584,0.0,177,40
MLB3836655204,2024-03-01,15.0591,76.06296687645155,85.58009999829443,111.26714285714294,167.12202215919868,459.796,-444.7369,-96.724830142063,-96.20804285714294,15.0591,459.796,-0.71282771193933,NORMAL,ANOMALO,0.99,cambio porcentual extremadamente alto y diferencia vs media historica significativa,613.6908531188965,0.0,177,39
MLB2777937337,2023-12-17,15.549,13.910785310734465,1.133705881174774,15.216314285714285,0.9736015807789348,16.259,-0.7100000000000009,-4.3668122270742415,0.3326857142857147,13.419,16.259,1.44500853529832,NORMAL,NORMAL,0.8,El precio actual se encuentra dentro de 1 desviacion estandar de la media historica y la media movil,559.0858459472656,0.0,177,45
MLB3836655204,2024-01-23,160.9144,76.06296687645155,85.58009999829443,80.38112857142849,50.75130784980777,120.1888,40.7256,33.88468809073724,80.53327142857151,17.9559,160.9144,0.991485556984914,NORMAL,ANOMALO,0.9,cambio porcentual alto y diferencia vs media historica significativa,400.83813667297363,0.0,177,37
MLB3836655204,2023-12-28,19.5463,76.06296687645155,85.58009999829443,148.58169999999993,182.45130343448744,176.08,-156.5337,-88.8991935483871,-129.03539999999992,10.0891,535.7092,-0.6603949618074056,NORMAL,ANOMALO,0.99,cambio porcentual extremadamente alto y diferencia vs media historica significativa,495.9909915924072,0.0,177,39
MLB3836681004,2024-01-18,87.259,95.74903916319366,113.22253408751128,58.65918571428562,43.93426903210226,126.0463,-38.7873,-30.77226384273081,28.59981428571438,9.4004,126.0463,-0.0749854190322372,NORMAL,ANOMALO,0.9,cambio porcentual grande y diferencia significativa vs media historica,471.8470573425293,0.0,177,37
MLB3836655204,2024-01-26,27.406,76.06296687645155,85.58009999829443,96.49102857142849,80.75025999513913,12.2688,15.137199999999998,123.3796296296296,-69.08502857142847,12.2688,233.59,-0.568554685864304,NORMAL,ANOMALO,0.9,cambio porcentual alto y diferencia significativa vs media historica,343.5180187225342,0.0,177,37
MLB3836655204,2023-12-31,123.1637,76.06296687645155,85.58009999829443,59.13691428571418,35.51175883063183,44.7584,78.40530000000001,175.1744923857868,64.02678571428584,15.8898,123.1637,0.5503701575364301,NORMAL,ANOMALO,0.95,cambio porcentual extremadamente alto y diferencia vs media historica significativa,636.1186504364014,0.0,177,39
MLB3836655204,2024-03-06,27.6829,76.06296687645155,85.58009999829443,113.3170142857144,156.62239816380517,103.9511,-76.2682,-73.36930537531589,-85.63411428571439,27.6829,461.9899,-0.5653191205871757,NORMAL,ANOMALO,0.95,cambio porcentual extremo y diferencia significativa vs media historica y media movil,607.166051864624,0.0,177,42
MLB3836681004,2024-03-02,118.4138,95.74903916319366,113.22253408751128,90.56151428571437,116.32421816743272,70.6947,47.7191,67.50025107964245,27.852285714285628,4.0541,337.6121,0.2001788868043408,NORMAL,ANOMALO,0.9,cambio porcentual alto y diferencia significativa vs media historica,620.840311050415,0.0,177,37
MLB3836655204,2024-03-07,18.5807,76.06296687645155,85.58009999829443,62.068200000000125,45.48887570399417,82.4807,-63.9,-77.4726693638633,-43.487500000000125,16.827,143.4697,-0.6716779586712375,NORMAL,ANOMALO,0.99,cambio porcentual extremadamente alto y diferencia vs media historica significativa,614.8409843444824,0.0,177,39
MLB3836681004,2024-01-06,175.5901,95.74903916319366,113.22253408751128,72.08629999999982,53.21999309874455,80.5566,95.0335,117.97109113343907,103.50380000000018,12.1197,175.5901,0.7051693505468123,NORMAL,ANOMALO,0.95,cambio porcentual y diferencia vs media historica muy altos,611.9251251220703,0.0,177,37
MLB3836681004,2024-02-02,91.4409,95.74903916319366,113.22253408751128,49.97081428571422,40.90602986795854,15.8756,75.5653,475.9838998211091,41.47008571428578,10.1317,114.665,-0.038050192018166,NORMAL,ANOMALO,0.99,cambio porcentual extremadamente alto y diferencia significativa vs media historica y media movil,383.3637237548828,0.0,177,43
MLB3836655204,2024-02-09,96.8653,76.06296687645155,85.58009999829443,39.77724285714281,31.348740040221934,5.7226,91.1427,1592.679900744417,57.0880571428572,5.7226,96.8653,0.243074419421481,NORMAL,ANOMALO,0.99,cambio porcentual extremadamente alto y diferencia vs media historica significativa,469.01726722717285,0.0,178,39
MLB2777937337,2023-12-27,13.9302,13.910785310734465,1.133705881174774,14.277085714285716,0.863824533549441,14.129,-0.1988000000000003,-1.4070351758793993,-0.3468857142857153,12.5244,14.839,0.0171249787239073,NORMAL,NORMAL,0.8,El precio actual esta dentro de 1 desviacion estandar de la media historica,519.8619365692139,0.0,177,39
MLB3836655204,2024-03-04,128.1053,76.06296687645155,85.58009999829443,116.75950000000012,115.6211038795833,236.0963,-107.991,-45.74023396385289,11.345799999999883,14.981,311.3776,0.6081125532513342,NORMAL,ANOMALO,0.9,cambio porcentual grande y diferencia significativa vs media historica y media movil,540.565013885498,0.0,177,41
MLB3836655204,2024-03-05,149.9165,76.06296687645155,85.58009999829443,49.31862857142869,45.65147244648833,34.2078,115.70870000000002,338.2523868825239,100.59787142857132,14.6047,149.9165,0.862975541234359,NORMAL,ANOMALO,0.99,cambio porcentual extremadamente alto y diferencia vs media historica significativa,836.967945098877,0.0,177,39
MLB3836655204,2024-01-24,46.1429,76.06296687645155,85.58009999829443,41.48327142857136,28.233012803912924,5.9356,40.2073,677.3923444976076,4.659628571428634,5.2753,81.2879,-0.3496147687786261,NORMAL,ANOMALO,0.99,cambio porcentual extremadamente alto y diferencia significativa con la media historica y movil,496.6249465942383,0.0,177,43
MLB3836681004,2024-02-25,66.6903,95.74903916319366,113.22253408751128,88.45788571428582,37.93672458622807,38.7163,27.974,72.25380524481936,-21.76758571428583,38.7163,147.822,-0.2566515525802244,NORMAL,ANOMALO,0.9,cambio porcentual alto y diferencia significativa vs media historica y media movil,424.7570037841797,0.0,177,41
MLB3836655204,2024-01-14,44.4105,76.06296687645155,85.58009999829443,139.8872428571429,117.6382419973468,236.8418,-192.4313,-81.24887583188442,-95.47674285714288,7.5615,306.1733,-0.3698577925637362,NORMAL,ANOMALO,0.99,cambio porcentual extremo y diferencia significativa vs media historica y media movil,613.1949424743652,0.0,177,42
MLB3836681004,2024-01-09,70.8438,95.74903916319366,113.22253408751128,77.91438571428554,50.852928669762,9.23,61.6138,667.5384615384614,-7.070585714285542,9.23,151.5211,-0.2199671590263505,NORMAL,ANOMALO,0.99,cambio porcentual extremadamente alto y diferencia significativa con respecto a la media historica y,612.8649711608887,0.0,177,45
MLB4276702250,2023-12-19,190.919,206.41986440677968,17.644997509967446,190.94266666666667,0.0409918691124519,190.919,0.0,0.0,-0.0236666666666565,190.919,190.99,-0.8784849297506881,NORMAL,NORMAL,0.9,"El precio actual es casi igual al precio del día anterior y a la media móvil de 7 días, lo que indic",353.438138961792,0.0,177,51
MLB3489834833,2024-02-02,28.0663,28.00215087719298,20.166293341482813,32.98152857142857,28.47960330825754,17.0116,11.054699999999997,64.98330550918195,-4.915228571428571,17.0116,94.359,0.0031810071235673,NORMAL,ANOMALO,0.9,cambio porcentual alto y diferencia significativa vs media historica y media movil,377.3303031921387,0.0,177,41
MLB3836655204,2023-12-28,67.8121,76.06296687645155,85.58009999829443,44.95719999999992,29.259831928888683,3.4151,64.397,1885.654885654886,22.85490000000008,3.4151,81.8062,-0.0964110450402824,NORMAL,ANOMALO,0.99,cambio porcentual extremadamente alto y diferencia significativa vs media historica y media movil,384.49716567993164,0.0,178,43
MLB3836681004,2024-01-01,389.2717,95.74903916319366,113.22253408751128,171.55932857142847,158.34960098007622,68.0677,321.204,471.88901637634297,217.71237142857157,10.6855,389.2717,2.592440305072259,NORMAL,ANOMALO,0.99,cambio porcentual extremadamente alto y diferencia vs media historica significativa,565.1569366455078,0.0,177,39
MLB3836655204,2024-01-07,55.6853,76.06296687645155,85.58009999829443,72.78311428571415,71.94298042217139,45.7595,9.925799999999995,21.6912335143522,-17.09781428571415,4.2671,209.1092,-0.2381122115360528,NORMAL,ANOMALO,0.8,cambio porcentual alto y diferencia significativa vs media historica,503.978967666626,0.0,177,37
MLB3836655204,2024-02-22,33.9309,76.06296687645155,85.58009999829443,132.49614285714293,105.53859674205836,250.3176,-216.3867,-86.44486044928522,-98.56524285714292,33.9309,307.3519,-0.4923114938212051,NORMAL,ANOMALO,0.99,cambio porcentual extremo y diferencia significativa vs media historica y media movil,724.168062210083,0.0,177,42
MLB3292397983,2023-12-15,92.9319,95.54699494949494,5.672592952033843,93.5922,0.7624487654918157,92.9319,0.0,0.0,-0.6602999999999923,92.9319,94.2525,-0.4610052170140785,NORMAL,NORMAL,0.8,El precio actual es igual al del dia anterior y se encuentra dentro de un rango razonable respecto a,400.7720947265625,0.0,177,51
MLB3866288374,2023-12-20,239.27,248.16797398373984,12.278916504376472,244.95,5.407198905163375,238.56,0.710000000000008,0.2976190476190509,-5.680000000000007,238.56,252.05,-0.7246546528206991,NORMAL,NORMAL,0.8,El cambio porcentual es bajo y el precio actual se encuentra dentro de 1 desviacion estandar de la m,393.2809829711914,0.0,177,48
MLB3682821522,2023-12-28,83.5386,86.29320093457943,3.096887499510069,87.68094285714287,5.002153416898629,83.5386,0.0,0.0,-4.142342857142864,83.5386,94.0892,-0.8894740045030597,NORMAL,NORMAL,0.8,"El precio actual es igual al del dia anterior y aunque esta por debajo de la media historica, no sup",451.3859748840332,0.0,177,53
MLB3836655204,2024-01-03,173.7157,76.06296687645155,85.58009999829443,124.7480142857142,114.8542695529348,33.583,140.1327,417.2727272727273,48.96768571428579,19.8445,337.747,1.14106822864292,NORMAL,ANOMALO,0.99,cambio porcentual extremadamente alto y diferencia significativa vs media historica y media movil,369.60792541503906,0.0,177,43
MLB3836655204,2024-02-14,278.9164,76.06296687645155,85.58009999829443,114.2663857142857,100.25402978401792,20.1995,258.7169,1280.8084358523724,164.6500142857143,7.4621,278.9164,2.3703341443149504,NORMAL,ANOMALO,0.99,cambio porcentual extremadamente alto y diferencia vs media historica significativa,2653.096914291382,0.0,178,39
MLB3836655204,2024-01-18,296.4037,76.06296687645155,85.58009999829443,121.79847142857136,100.6680056542758,32.9369,263.46680000000003,799.9137745203709,174.60522857142865,29.0745,296.4037,2.5746725360474345,NORMAL,ANOMALO,0.99,cambio porcentual extremadamente alto y diferencia vs media historica significativa,2654.5708179473877,0.0,177,39
MLB3836655204,2024-02-27,24.8074,76.06296687645155,85.58009999829443,97.59862857142868,110.7339377881318,22.2727,2.534700000000001,11.380299649346512,-72.79122857142868,22.2727,324.4913,-0.5989192215419691,NORMAL,ANOMALO,0.9,"El precio actual se encuentra muy por debajo de la media historica y la media movil, con una diferen",2571.1002349853516,0.0,177,51
MLB3836681004,2024-02-26,41.4498,95.74903916319366,113.22253408751128,69.09821428571442,46.25521101664874,43.7147,-2.264899999999997,-5.181094688971895,-27.648414285714416,12.9859,142.5822,-0.4795797903306881,NORMAL,ANOMALO,0.8,"El precio actual se encuentra por debajo de la media historica y la media movil, con una diferencia ",2553.9369583129883,0.0,177,59
MLB3836681004,2024-01-24,53.0796,95.74903916319366,113.22253408751128,78.73595714285695,42.82960659092112,34.3924,18.6872,54.33526011560692,-25.656357142856947,34.3924,154.3398,-0.3768634883798415,NORMAL,ANOMALO,0.9,cambio porcentual alto y diferencia significativa vs media historica y movil,2729.154109954834,0.0,177,40
MLB4413219062,2024-02-05,39.7529,38.58274655172414,3.273791082576335,40.22623333333333,1.1594251449173714,39.7529,0.0,0.0,-0.4733333333333362,39.7529,42.5929,0.357430701955693,NORMAL,NORMAL,0.8,El precio actual es igual al del dia anterior y se encuentra dentro de un rango razonable respecto a,2728.633165359497,0.0,177,54
MLB3757942356,2024-02-23,148.816,455.6153743589744,335.09311632845606,588.3445428571429,493.0330033881398,248.5,-99.684,-40.114285714285714,-439.5285428571429,148.816,1483.9,-0.9155645383329688,NORMAL,ANOMALO,0.9,cambio porcentual grande y diferencia vs media historica significativa,2764.8098468780518,0.0,177,37
MLB3836681004,2024-01-22,171.4863,95.74903916319366,113.22253408751128,145.191957142857,85.16867168865416,70.8438,100.6425,142.0625375826819,26.294342857142997,69.3102,301.9559,0.668923915548284,NORMAL,ANOMALO,0.9,cambio porcentual extremadamente alto y diferencia significativa vs media historica,2587.9549980163574,0.0,177,39
MLB3836655204,2024-02-15,164.4502,76.06296687645155,85.58009999829443,100.50049999999996,64.4434012614685,67.6985,96.7517,142.91557420031464,63.94970000000002,3.8837,181.1991,1.0328012366774746,NORMAL,ANOMALO,0.95,cambio porcentual extremadamente alto y diferencia vs media historica significativa,2521.4200019836426,0.0,177,39
MLB4293467490,2023-12-28,25.915,26.802171296296297,2.0003985144110943,22.56582857142857,4.024912524811061,25.631,0.2839999999999989,1.1080332409972258,3.349171428571428,17.3666,25.915,-0.4434972759027985,NORMAL,NORMAL,0.8,El precio actual esta dentro de 1 desviacion estandar de la media historica y el cambio porcentual e,2568.237066268921,0.0,177,47
MLB3836681004,2024-01-28,36.4088,95.74903916319366,113.22253408751128,37.40482857142844,21.27927910854078,75.2529,-38.8441,-51.61807717709218,-0.9960285714284396,11.9919,75.2529,-0.5241027295157317,NORMAL,ANOMALO,0.9,cambio porcentual grande y precio actual muy por debajo de la media historica,2521.7721462249756,0.0,177,41
MLB3433235400,2023-12-25,70.7302,75.10120576923077,9.039664705729145,70.97971428571428,0.4148779878011339,70.7302,0.0,0.0,-0.2495142857142838,70.7302,71.8875,-0.4835362711655848,NORMAL,NORMAL,0.8,"El precio actual es similar al precio del día anterior y a la media móvil de 7 días, y no se aleja s",2699.8050212860107,0.0,177,64
MLB3836655204,2024-02-11,47.0233,76.06296687645155,85.58009999829443,43.80902857142852,17.552305613193717,39.3056,7.717700000000001,19.635115606936417,3.214271428571479,7.2349,62.4729,-0.339327330461603,NORMAL,ANOMALO,0.8,cambio porcentual alto y diferencia vs media historica significativa,2778.239965438843,0.0,177,37
MLB4084255010,2024-01-22,20.1427,22.084572327044025,1.590775071813352,22.82041428571429,1.683361081713766,22.0171,-1.8743999999999976,-8.51338277974846,-2.677714285714284,20.1427,25.2973,-1.220708288207815,NORMAL,ANOMALO,0.8,El precio actual se encuentra por debajo de 2 desviaciones estandar de la media historica y la media,2750.5829334259033,0.0,177,59
MLB3836681004,2024-03-02,407.6536,95.74903916319366,113.22253408751128,173.96115714285725,130.24475089629945,86.8188,320.8348,369.5453058554138,233.69244285714277,17.7784,407.6536,2.754792262185044,NORMAL,ANOMALO,0.99,cambio porcentual extremadamente alto y diferencia vs media historica significativa,2763.7650966644287,0.0,177,39
MLB3836655204,2024-03-07,28.6627,76.06296687645155,85.58009999829443,60.87032857142871,61.62026486540338,18.2825,10.380200000000002,56.77669902912624,-32.20762857142871,14.981,176.5273,-0.5538701972988758,NORMAL,ANOMALO,0.9,cambio porcentual alto y diferencia significativa vs media historica y media movil,2550.2889156341553,0.0,177,41
MLB3836655204,2024-03-09,111.2215,76.06296687645155,85.58009999829443,50.59358571428585,37.22377231727278,25.6594,85.5621,333.4532374100719,60.62791428571416,12.0629,111.2215,0.4108260345587454,NORMAL,ANOMALO,0.99,cambio porcentual extremadamente alto y diferencia vs media historica significativa,2600.929021835327,0.0,177,39
MLB3469104025,2023-12-24,311.69,309.7722680412371,13.793004454640707,321.8666666666667,13.112273131180084,311.69,0.0,0.0,-10.176666666666677,311.69,338.67,0.1390365647802928,NORMAL,NORMAL,0.8,El precio actual es igual al del dia anterior y se encuentra dentro de un rango razonable respecto a,2835.1807594299316,0.0,177,54
MLB3836681004,2024-02-10,27.4699,95.74903916319366,113.22253408751128,65.0076,53.22976446848098,17.0755,10.394399999999996,60.87318087318086,-37.5377,17.0755,150.0159,-0.603052561112872,NORMAL,ANOMALO,0.9,cambio porcentual alto y diferencia significativa vs media historica y media movil,2761.9152069091797,0.0,177,41
MLB3836655204,2024-02-17,170.8331,76.06296687645155,85.58009999829443,67.16397142857139,63.503696005920126,82.2961,88.537,107.58346993356916,103.66912857142862,3.7204,170.8331,1.1073851644758923,NORMAL,ANOMALO,0.95,cambio porcentual y diferencia vs media historica muy altos,2517.1802043914795,0.0,177,37
MLB3836681004,2024-03-02,26.7457,95.74903916319366,113.22253408751128,50.24365714285724,38.22139399135876,55.6356,-28.8899,-51.92700357325166,-23.49795714285724,7.5331,108.8288,-0.6094488143479064,NORMAL,ANOMALO,0.9,cambio porcentual alto y diferencia significativa vs media historica y movil,2531.514883041382,0.0,177,40
MLB3836681004,2024-01-14,100.3017,95.74903916319366,113.22253408751128,96.031557142857,98.72366161282336,61.131,39.1707,64.0766550522648,4.270142857142986,14.4698,304.6894,0.0402098475634313,NORMAL,ANOMALO,0.9,cambio porcentual alto y diferencia significativa vs media historica y media movil,2566.3270950317383,0.0,177,41
MLB3836681004,2024-02-12,52.043,95.74903916319366,113.22253408751128,100.64858571428567,79.77064381398672,263.4313,-211.3883,-80.24418510632565,-48.60558571428569,11.3387,263.4313,-0.3860189096770476,NORMAL,ANOMALO,0.99,cambio porcentual extremadamente alto y diferencia vs media historica significativa,2550.9722232818604,0.0,177,39
MLB3836681004,2024-01-01,55.1031,95.74903916319366,113.22253408751128,70.58414285714274,38.2159206254396,55.2025,-0.0994000000000028,-0.1800643086816771,-15.48104285714274,22.7058,121.3106,-0.3589916043407748,NORMAL,NORMAL,0.8,"El cambio porcentual es muy pequeño (-0.18%) y la diferencia con la media movil es moderada, pero la",2767.425060272217,0.0,177,72
MLB3836655204,2024-01-26,2.5631,76.06296687645155,85.58009999829443,27.37049999999989,20.962723648023704,19.6031,-17.040000000000003,-86.925027164071,-24.807399999999888,2.5631,61.5925,-0.8588429654712713,NORMAL,ANOMALO,0.99,cambio porcentual extremadamente alto y diferencia significativa vs media historica y movil,2731.5709590911865,0.0,177,42
MLB3836655204,2023-12-20,15.7407,76.06296687645155,85.58009999829443,25.358157142857078,14.992947383336809,15.4709,0.2698,1.7439192290041303,-9.617457142857074,12.4321,46.2139,-0.7048632435648605,NORMAL,NORMAL,0.8,"El cambio porcentual es bajo y la diferencia con la media movil es moderada, pero no suficiente para",2763.8189792633057,0.0,177,49
MLB3836655204,2024-01-04,419.7307,76.06296687645155,85.58009999829443,159.93561428571417,146.98454841634964,8.2218,411.5089,5005.094991364422,259.79508571428585,8.2218,419.7307,4.015743532553015,ANOMALO,ANOMALO,0.99,cambio porcentual extremadamente alto y diferencia vs media historica significativa,2644.0200805664062,0.0,178,39
MLB3836681004,2024-03-01,44.9643,95.74903916319366,113.22253408751128,114.1030857142858,135.81539264410048,137.4844,-92.5201,-67.29498037595538,-69.1387857142858,40.0227,412.581,-0.4485391496312565,NORMAL,ANOMALO,0.95,cambio porcentual extremo y diferencia significativa vs media historica y media movil,2622.7619647979736,0.0,177,42
MLB3836655204,2024-02-11,54.3292,76.06296687645155,85.58009999829443,46.1743428571428,43.098629900142384,9.9329,44.3963,446.96211579699786,8.154857142857196,9.9329,139.0464,-0.2539581850727577,NORMAL,ANOMALO,0.99,cambio porcentual extremadamente alto y desviacion del precio historico,2715.4171466827393,0.0,177,39
MLB3836655204,2024-01-11,96.7375,76.06296687645155,85.58009999829443,70.75555714285704,60.88299773724251,27.8249,68.9126,247.66522071957127,25.981942857142958,12.8723,190.6492,0.2415810816012679,NORMAL,ANOMALO,0.99,cambio porcentual extremadamente alto y diferencia significativa vs media historica y media movil,2575.7429599761963,0.0,177,43
MLB3836681004,2024-02-29,102.9713,95.74903916319366,113.22253408751128,111.2955428571429,84.47189364231967,55.6356,47.3357,85.08167432363452,-8.324242857142906,33.9522,281.7138,0.0637881928219896,NORMAL,ANOMALO,0.9,cambio porcentual alto y diferencia significativa vs media historica y media movil,2953.8941383361816,0.0,177,41
MLB3836655204,2024-01-15,375.8385,76.06296687645155,85.58009999829443,189.65519999999995,161.47637037122047,160.9144,214.9241,133.56424285210025,186.1833000000001,12.3114,410.9125,3.5028649545220705,ANOMALO,ANOMALO,0.95,cambio porcentual alto y diferencia significativa vs media historica y movil,2590.2371406555176,0.0,177,40
MLB3836655204,2024-02-14,350.6264,76.06296687645155,85.58009999829443,115.85374285714283,113.13187854994509,20.4338,330.1926,1615.9138290479498,234.7726571428572,20.4338,350.6264,3.2082625878789317,ANOMALO,ANOMALO,0.99,cambio porcentual extremadamente alto y diferencia vs media historica significativa,2610.478639602661,0.0,178,39
MLB3836655204,2024-01-26,39.0642,76.06296687645155,85.58009999829443,27.71637142857133,21.121822889509644,61.5996,-22.535400000000003,-36.58367911479945,11.347828571428668,5.2114,61.5996,-0.4323290913759815,NORMAL,ANOMALO,0.9,cambio porcentual grande y precio actual muy bajo en comparacion con la media historica y el precio ,2785.4111194610596,0.0,177,48
MLB3687444228,2024-01-19,134.2326,131.6258533864542,6.31055639237131,131.21712857142856,5.554219341099829,141.929,-7.696400000000011,-5.422711355677847,3.0154714285714306,124.7683,141.929,0.413077143651907,NORMAL,ANOMALO,0.8,cambio porcentual significativo y diferencia vs media historica,2765.1970386505127,0.0,177,36
MLB3836655204,2023-12-29,9.5779,76.06296687645155,85.58009999829443,28.56127142857136,26.00883305935118,42.9195,-33.3416,-77.68403639371382,-18.98337142857136,9.5779,81.7423,-0.7768753117840225,NORMAL,ANOMALO,0.95,cambio porcentual extremadamente alto y diferencia significativa vs media historica y media movil,2567.368984222412,0.0,177,43
MLB3836655204,2024-03-11,18.105,76.06296687645155,85.58009999829443,52.026771428571536,41.29964699166001,26.2132,-8.1082,-30.931744312026,-33.92177142857153,16.2803,122.5034,-0.6772364938909193,NORMAL,ANOMALO,0.9,cambio porcentual grande y diferencia significativa vs media historica y movil,2684.0851306915283,0.0,177,40
MLB3836655204,2024-03-02,28.8331,76.06296687645155,85.58009999829443,79.27758571428582,42.3955665922535,89.3393,-60.50619999999999,-67.7262973853612,-50.44448571428582,28.8331,141.0699,-0.5518790802052584,NORMAL,ANOMALO,0.95,cambio porcentual extremo y diferencia significativa vs media historica y media movil,2733.0219745635986,0.0,177,42
MLB3836655204,2023-12-29,51.3472,76.06296687645155,85.58009999829443,70.60645714285704,63.26813875706322,17.7287,33.6185,189.6275530636764,-19.25925714285704,17.7287,201.0649,-0.2888027342110619,NORMAL,ANOMALO,0.95,cambio porcentual extremadamente alto y diferencia significativa vs media historica,2767.0652866363525,0.0,177,39
MLB3836681004,2024-02-16,99.9538,95.74903916319366,113.22253408751128,50.63010000000007,30.06078568889073,10.4086,89.5452,860.300136425648,49.32369999999993,10.4086,99.9538,0.0371371376760129,NORMAL,ANOMALO,0.99,cambio porcentual extremadamente alto y diferencia significativa vs media historica y media movil,2530.941963195801,0.0,177,43
MLB3836655204,2024-01-27,62.0966,76.06296687645155,85.58009999829443,34.02725714285703,27.72305409124842,11.5162,50.5804,439.2108508014797,28.06934285714297,6.5249,67.379,-0.1631964308886987,NORMAL,ANOMALO,0.99,cambio porcentual extremadamente alto y diferencia significativa vs media historica y media movil,2544.666051864624,0.0,177,43
MLB3836655204,2024-02-12,66.6832,76.06296687645155,85.58009999829443,60.12381428571426,35.26303839505844,26.1706,40.5126,154.80195333695062,6.559385714285739,9.5282,116.5181,-0.1096021957854976,NORMAL,ANOMALO,0.95,cambio porcentual extremadamente alto y diferencia significativa vs media historica,2814.1610622406006,0.0,177,39
MLB3836655204,2024-02-20,35.5994,76.06296687645155,85.58009999829443,163.89234285714284,186.11469255691804,43.6224,-8.022999999999996,-18.391927083333325,-128.29294285714283,8.0727,480.8617,-0.4728151389462015,NORMAL,ANOMALO,0.9,"precio actual muy bajo respecto a media historica y media movil, con una desviacion estandar alta",2590.588092803955,0.0,177,46
MLB3836655204,2024-03-07,597.0887,76.06296687645155,85.58009999829443,175.52417142857158,188.23959360550532,119.5853,477.5034,399.2994122187258,421.56452857142847,64.7307,597.0887,6.088164574159771,ANOMALO,ANOMALO,0.99,cambio porcentual extremadamente alto y diferencia vs media historica significativa,2725.010871887207,0.0,177,39
MLB3836681004,2024-01-05,9.6418,95.74903916319366,113.22253408751128,118.90167142857123,140.28458172893667,365.7991,-356.1573,-97.36418159585412,-109.25987142857124,7.0929,365.7991,-0.7605132657518072,NORMAL,ANOMALO,0.99,cambio porcentual extremadamente alto y diferencia vs media historica significativa,2557.5551986694336,0.0,177,39
MLB3836655204,2023-12-26,14.1858,76.06296687645155,85.58009999829443,43.968271428571306,63.66211687012776,4.9984,9.1874,183.8068181818182,-29.782471428571306,4.9984,185.9987,-0.7230321870441191,NORMAL,ANOMALO,0.95,cambio porcentual extremadamente alto y desviacion significativa de la media historica y movil,2631.519079208374,0.0,177,45
MLB3836681004,2024-03-09,37.1614,95.74903916319366,113.22253408751128,165.1074571428573,229.4059858355621,188.7038,-151.5424,-80.30702084430732,-127.9460571428573,37.1614,671.9369,-0.5174556428204998,NORMAL,ANOMALO,0.99,cambio porcentual extremo y diferencia significativa vs media historica y media movil,2740.441083908081,0.0,177,42
MLB3836655204,2024-01-28,21.8609,76.06296687645155,85.58009999829443,41.69119999999988,33.31079566842195,77.2196,-55.3587,-71.68995954394998,-19.83029999999988,4.3026,92.8396,-0.6333489546191029,NORMAL,ANOMALO,0.95,cambio porcentual extremo y diferencia significativa vs media historica y media movil,2819.936990737915,0.0,177,42
MLB3836655204,2024-01-27,23.4442,76.06296687645155,85.58009999829443,30.305842857142725,16.481376195357466,10.9269,12.5173,114.55490578297596,-6.861642857142726,10.9269,55.6853,-0.6148481582909081,NORMAL,ANOMALO,0.9,cambio porcentual alto y desviacion significativa de la media historica y movil,2761.965751647949,0.0,177,43
MLB3836655204,2024-01-05,36.3591,76.06296687645155,85.58009999829443,64.13835714285703,48.5478174447945,131.6979,-95.3388,-72.39204269771956,-27.779257142857038,7.9023,132.7061,-0.4639380752371574,NORMAL,ANOMALO,0.95,cambio porcentual extremo y diferencia significativa vs media historica y movil,2554.838180541992,0.0,177,41
MLB3836655204,2024-02-02,10.9269,76.06296687645155,85.58009999829443,42.56957142857129,36.21069438129724,17.3808,-6.453900000000001,-37.13235294117647,-31.642671428571287,10.9269,110.05,-0.7611123014595516,NORMAL,ANOMALO,0.9,cambio porcentual grande y diferencia significativa vs media historica y movil,2976.1362075805664,0.0,177,40
MLB3836655204,2024-02-15,138.2938,76.06296687645155,85.58009999829443,84.55085714285711,71.80159838125337,179.7223,-41.42849999999999,-23.051396515624376,53.74294285714289,7.9023,179.7223,0.7271647628072068,NORMAL,ANOMALO,0.8,Cambio porcentual grande y diferencia vs media historica significativa,2633.4011554718018,0.0,177,37
MLB3859645230,2024-01-31,51.1129,52.87376339285714,1.8830106316529671,52.64041428571428,1.0441782836734872,53.2145,-2.1015999999999977,-3.9492995330220095,-1.5275142857142754,51.1129,53.3281,-0.9351319391967944,NORMAL,ANOMALO,0.8,Diferencia vs media historica y cambio porcentual significativos,2901.14688873291,0.0,177,37
MLB3836655204,2024-03-02,52.9447,76.06296687645155,85.58009999829443,54.29572857142869,34.09147214102784,71.8591,-18.9144,-26.3215097322399,-1.3510285714286925,22.3224,122.7661,-0.270136011458399,NORMAL,ANOMALO,0.9,cambio porcentual grande y precio actual muy por debajo de la media historica,2596.6999530792236,0.0,177,41
MLB3836655204,2024-01-11,7.2491,76.06296687645155,85.58009999829443,60.53662857142845,48.31029317698229,146.1322,-138.8831,-95.03935477601787,-53.287528571428446,7.2491,146.1322,-0.8040872453967933,NORMAL,ANOMALO,0.99,cambio porcentual extremadamente alto y diferencia vs media historica significativa,2591.8619632720947,0.0,177,39
MLB3836655204,2024-01-04,40.8321,76.06296687645155,85.58009999829443,132.6685714285713,93.84669389411606,291.1568,-250.3247,-85.97590714007023,-91.83647142857131,7.9449,291.1568,-0.4116712515297012,NORMAL,ANOMALO,0.99,cambio porcentual extremadamente alto y diferencia vs media historica significativa,2725.1808643341064,0.0,177,39
MLB3836655204,2024-02-29,152.2027,76.06296687645155,85.58009999829443,139.88724285714295,72.65122033744301,47.0588,105.1439,223.43089921544964,12.315457142857042,47.0588,244.098,0.8896896955737253,NORMAL,ANOMALO,0.95,cambio porcentual extremadamente alto y diferencia significativa vs media historica,2540.3337478637695,0.0,177,39
MLB3836655204,2024-02-20,129.1135,76.06296687645155,85.58009999829443,83.18867142857148,78.05691959514054,18.4458,110.6677,599.9615088529638,45.924828571428506,5.9001,216.2518,0.6198933293885702,NORMAL,ANOMALO,0.99,cambio porcentual extremadamente alto y diferencia vs media historica significativa,2739.3798828125,0.0,177,39
MLB3836655204,2024-02-12,75.8067,76.06296687645155,85.58009999829443,76.75201428571424,114.27122473553035,329.653,-253.8463,-77.00409218177903,-0.9453142857142324,2.9962,329.653,-0.0029944680647336,NORMAL,ANOMALO,0.99,cambio porcentual extremadamente alto y diferencia significativa con respecto a la media historica y,2704.868793487549,0.0,177,45
MLB3516522797,2024-01-09,86.8046,91.11565238095238,4.552867038714396,86.78329999999998,0.4711034139832347,86.6342,0.1703999999999865,0.19668906736599,0.0213000000000107,86.2792,87.5146,-0.9468873865248738,NORMAL,NORMAL,0.9,"El precio actual esta dentro de un margen razonable de la media historica y la media movil, con una ",2826.788902282715,0.0,177,61
MLB3836681004,2024-02-15,51.4395,95.74903916319366,113.22253408751128,83.13592857142862,49.164200348279344,147.6374,-96.1979,-65.15821871693758,-31.69642857142862,27.3918,147.6374,-0.3913491207062429,NORMAL,ANOMALO,0.95,cambio porcentual extremo y diferencia significativa vs media historica y media movil,2761.613130569458,0.0,177,42
MLB3836655204,2024-01-02,17.3382,76.06296687645155,85.58009999829443,31.605142857142734,13.960913421875812,42.9692,-25.631,-59.64970257766028,-14.266942857142736,17.3382,51.5318,-0.6861965208121976,NORMAL,ANOMALO,0.9,cambio porcentual alto y diferencia significativa vs media historica y media movil,2597.2001552581787,0.0,177,41
MLB2919448813,2023-12-22,116.6672,129.17357692307692,10.108880144514233,116.7808,2.265986625438609,113.6,3.0672,2.7,-0.1136000000000052,113.6,120.9414,-1.2371673945992987,NORMAL,NORMAL,0.8,El precio actual se encuentra cerca de la media movil de 7 dias y el cambio porcentual es moderado,2623.5039234161377,0.0,177,44
MLB3836655204,2024-01-14,96.4819,76.06296687645155,85.58009999829443,78.14564285714282,95.88664344604864,39.3198,57.1621,145.37739256049113,18.33625714285718,9.3365,286.1584,0.2385944059608418,NORMAL,ANOMALO,0.95,cambio porcentual extremadamente alto y diferencia significativa vs media historica,2657.7489376068115,0.0,177,39
MLB3836655204,2024-01-23,5.2114,76.06296687645155,85.58009999829443,119.16437142857136,112.2393146086342,221.2928,-216.0814,-97.6450205338809,-113.95297142857136,5.2114,307.8134,-0.8278976873079679,NORMAL,ANOMALO,0.99,cambio porcentual extremadamente alto y diferencia vs media historica significativa,2568.2640075683594,0.0,177,39
MLB3836655204,2024-03-06,35.145,76.06296687645155,85.58009999829443,41.94071428571441,29.393536503708425,90.525,-55.38,-61.17647058823529,-6.795714285714404,3.0885,90.525,-0.4781247845291812,NORMAL,ANOMALO,0.9,cambio porcentual extremo y diferencia significativa vs media historica y media movil,2622.0719814300537,0.0,177,42
MLB3714337848,2024-03-10,112.1374,112.1694767857143,6.374603279805409,109.45258571428572,2.889840800360437,111.47,0.6674000000000007,0.5987261146496822,2.684814285714282,105.8965,112.1374,-0.0050319657955176,NORMAL,NORMAL,0.8,El precio actual esta dentro de 1 desviacion estandar de la media historica y el cambio porcentual e,2569.6120262145996,0.0,177,47
MLB3836655204,2024-01-23,14.1148,76.06296687645155,85.58009999829443,27.116928571428524,8.495254797584995,30.8779,-16.7631,-54.28834214762015,-13.002128571428525,14.1148,39.5541,-0.7238618191664596,NORMAL,ANOMALO,0.9,cambio porcentual alto y diferencia significativa vs media,2521.348714828491,0.0,177,35
MLB4194886896,2024-02-22,32.4328,31.315069512195123,1.825874439092304,31.20754285714285,1.1461231098172195,32.4328,0.0,0.0,1.2252571428571493,30.2886,32.4328,0.6121617443962449,NORMAL,NORMAL,0.8,El precio actual es igual al del dia anterior y se encuentra dentro de 1 desviacion estandar de la m,2672.243118286133,0.0,177,47
MLB3836655204,2024-02-18,40.2073,76.06296687645155,85.58009999829443,79.43581428571424,65.2216380722026,31.8151,8.392199999999995,26.37804061593393,-39.22851428571425,18.673,188.4269,-0.4189720142062982,NORMAL,ANOMALO,0.8,cambio porcentual alto y diferencia significativa vs media historica,2832.8189849853516,0.0,177,37
MLB3836655204,2024-01-24,63.9426,76.06296687645155,85.58009999829443,72.1025285714285,101.13860779963944,25.0488,38.8938,155.2721088435374,-8.159928571428495,13.916,297.0498,-0.1416259957078438,NORMAL,ANOMALO,0.9,cambio porcentual extremadamente alto y desviacion del precio historico,2719.744920730591,0.0,177,39
MLB3836655204,2024-01-12,109.0418,76.06296687645155,85.58009999829443,79.08689999999993,135.75171444007665,15.6839,93.3579,595.2467179719331,29.954900000000062,5.9356,375.8385,0.3853563284028896,NORMAL,ANOMALO,0.99,cambio porcentual extremadamente alto y diferencia significativa vs media historica,2810.6420040130615,0.0,177,39
MLB2798444127,2024-02-20,3976.0,2208.113573529412,1425.1091894255303,2418.6657142857143,1199.3177747766597,2257.8,1718.1999999999998,76.10062893081759,1557.3342857142857,379.85,3976.0,1.240526999317735,NORMAL,ANOMALO,0.95,El precio actual supera en un 76% el precio del dia anterior y se encuentra a 1557.33 unidades por e,3072.597026824951,0.0,183,68
MLB3836655204,2024-02-24,66.0158,76.06296687645155,85.58009999829443,61.4403571428572,51.17661528559228,3.6068,62.409,1730.3149606299214,4.5754428571427965,3.6068,155.6391,-0.117400737735499,NORMAL,ANOMALO,0.99,cambio porcentual extremadamente alto y diferencia significativa con respecto a la media historica y,2542.3858165740967,0.0,178,45
MLB3836655204,2024-01-31,253.7043,76.06296687645155,85.58009999829443,121.54287142857126,95.93593202394258,245.9156,7.788699999999977,3.1672248527543503,132.16142857142873,33.9309,253.7043,2.075731777671812,NORMAL,ANOMALO,0.9,El precio actual se encuentra a mas de 1 desviacion estandar de la media historica y la media movil,2664.5820140838623,0.0,177,49
MLB3544186473,2024-01-16,41.819,41.795527322404375,1.9965765168135088,40.708357142857146,0.5445574590347922,40.5126,1.3064000000000036,3.224675779880836,1.1106428571428566,40.2925,41.819,0.0117564627653363,NORMAL,NORMAL,0.8,El precio actual esta dentro de 1 desviacion estandar de la media historica,2781.525135040283,0.0,177,39
MLB3836681004,2024-01-29,85.768,95.74903916319366,113.22253408751128,81.23008571428561,50.1502756572173,53.9174,31.8506,59.072952330787466,4.537914285714393,41.5208,172.5371,-0.0881541756926022,NORMAL,ANOMALO,0.9,cambio porcentual alto y diferencia significativa vs media historica,2764.2390727996826,0.0,177,37
MLB3836655204,2024-01-17,30.8495,76.06296687645155,85.58009999829443,50.56721428571425,39.57082019436768,18.9641,11.8854,62.67315612130289,-19.71771428571425,18.9641,120.7497,-0.5283175279307861,NORMAL,ANOMALO,0.9,cambio porcentual alto y diferencia significativa vs media historica y media movil,2557.537794113159,0.0,177,41
MLB3836681004,2024-01-23,48.5427,95.74903916319366,113.22253408751128,44.577857142857006,31.36501613894721,62.5368,-13.994099999999996,-22.37738419618528,3.964842857142997,6.2693,96.2405,-0.4169341336463806,NORMAL,ANOMALO,0.8,cambio porcentual grande y diferencia con media historica significativa,2665.250062942505,0.0,177,37
MLB1813853929,2024-01-13,42.1598,44.23221111111111,4.72090327909473,40.4203,3.034940656750968,42.0746,0.0852000000000003,0.2024974687816411,1.7394999999999996,35.9828,42.5077,-0.4389861397708311,NORMAL,NORMAL,0.8,El precio actual esta dentro de 1 desviacion estandar de la media historica y el cambio porcentual e,2762.982130050659,0.0,177,47
MLB3836655204,2024-01-01,27.7894,76.06296687645155,85.58009999829443,94.71602857142842,132.87739909724763,372.0258,-344.2364,-92.53024924615444,-66.92662857142842,13.2628,372.0258,-0.5640746724036648,NORMAL,ANOMALO,0.99,cambio porcentual extremadamente alto y diferencia vs media historica significativa,2765.232801437378,0.0,177,39
MLB1813858155,2024-01-24,175.37,187.6567906779661,13.93502100961673,179.02142857142857,1.610128655019751,179.63,-4.259999999999991,-2.37154150197628,-3.651428571428568,175.37,179.63,-0.8817202830673625,NORMAL,NORMAL,0.8,El precio actual se encuentra dentro de 1 desviacion estandar de la media historica y la media movil,759.2029571533203,0.0,177,45
MLB3836669552,2024-02-18,385.672,258.816287962021,197.4753623256356,274.9089571428571,165.97770296559685,87.4649,298.2071,340.9448818897638,110.76304285714292,87.4649,485.072,0.6423875390711823,NORMAL,ANOMALO,0.99,cambio porcentual extremadamente alto y diferencia vs media historica significativa,2607.429265975952,0.0,177,39
MLB3836681004,2024-03-03,50.9993,95.74903916319366,113.22253408751128,57.92382857142867,34.26031062982625,8.5697,42.4296,495.1118475559238,-6.924528571428674,8.5697,108.062,-0.3952370393393031,NORMAL,ANOMALO,0.99,cambio porcentual extremadamente alto y diferencia significativa con respecto a la media historica y,2920.146942138672,0.0,177,45
MLB3836655204,2024-02-07,19.9865,76.06296687645155,85.58009999829443,57.26555714285707,68.41828969193443,19.5321,0.4543999999999997,2.3264267539076684,-37.27905714285707,19.5321,209.1092,-0.6552512426488941,NORMAL,ANOMALO,0.9,"El precio actual se encuentra muy por debajo de la media historica y la media movil, lo que sugiere ",2701.7858028411865,0.0,177,53
MLB3836655204,2024-02-14,38.8583,76.06296687645155,85.58009999829443,38.73252857142857,29.87732971533567,40.9386,-2.080300000000001,-5.081512313562264,0.1257714285714328,9.3081,91.519,-0.4347350245307692,NORMAL,NORMAL,0.8,El precio actual esta cerca de la media movil de 7 dias y la diferencia vs media es baja,2634.8888874053955,0.0,177,41
MLB3836655204,2024-02-13,106.1308,76.06296687645155,85.58009999829443,36.304328571428535,32.113597392364994,15.691,90.4398,576.3800904977375,69.82647142857147,11.928,106.1308,0.351341411386926,NORMAL,ANOMALO,0.99,cambio porcentual extremadamente alto y diferencia vs media historica significativa,2651.0729789733887,0.0,177,39
MLB4219292984,2024-02-10,16.685,16.63960472440945,0.5084023998136052,16.122071428571427,0.4037379542652199,16.3229,0.3620999999999981,2.218355806872541,0.5629285714285714,15.6129,16.685,0.0892900480294608,NORMAL,ANOMALO,0.8,El precio actual supera la media historica y la media movil en mas de 1 desviacion estandar,2495.483875274658,0.0,177,48
MLB3836681004,2024-01-16,150.5484,95.74903916319366,113.22253408751128,89.22569999999986,77.70179654523486,105.4776,45.07079999999999,42.73021001615509,61.322700000000125,4.4446,223.3589,0.4839969470177303,NORMAL,ANOMALO,0.9,cambio porcentual alto y diferencia vs media historica significativa,2728.379726409912,0.0,177,37
MLB3836655204,2024-02-28,41.9468,76.06296687645155,85.58009999829443,40.22555714285722,24.13829206143175,14.3988,27.548,191.32149901380672,1.7212428571427836,14.3988,81.1814,-0.3986460272089541,NORMAL,ANOMALO,0.95,cambio porcentual extremadamente alto y desviacion del precio historico,2599.207878112793,0.0,177,39
MLB3836655204,2024-01-11,26.2487,76.06296687645155,85.58009999829443,92.28174285714272,86.98460039512625,23.004,3.244699999999998,14.104938271604931,-66.03304285714273,23.004,257.2259,-0.5820776894584554,NORMAL,ANOMALO,0.9,"El precio actual se encuentra muy por debajo de la media historica y la media movil, y el cambio por",2621.7870712280273,0.0,177,61
MLB3836655204,2024-02-16,31.7299,76.06296687645155,85.58009999829443,58.607457142857136,34.200975346121986,36.3591,-4.629199999999997,-12.7318883030658,-26.877557142857132,31.7299,132.2517,-0.518030089613763,NORMAL,ANOMALO,0.8,"El precio actual se encuentra por debajo de la media historica y la media movil, con una diferencia ",2762.6519203186035,0.0,177,56
MLB2708202077,2023-12-14,12.7587,12.341047297297298,0.3332689995911487,12.7587,0.0,12.7587,0.0,0.0,0.0,12.7587,12.7587,1.2531999396375744,NORMAL,NORMAL,0.9,"El precio actual es igual al precio del día anterior y a la media móvil de 7 días, y no supera 2 des",2637.1870040893555,0.0,177,58
MLB3836681004,2023-12-30,16.9335,95.74903916319366,113.22253408751128,88.23677142857132,74.68977274834452,112.0309,-95.0974,-84.8849736992205,-71.30327142857132,16.9335,188.0506,-0.6961117748461177,NORMAL,ANOMALO,0.99,cambio porcentual extremadamente alto y diferencia vs media historica significativa,2890.0160789489746,0.0,177,39
MLB3836655204,2024-02-16,65.4336,76.06296687645155,85.58009999829443,73.87955714285712,31.99789301109386,66.3424,-0.9087999999999994,-1.3698630136986292,-8.445957142857125,25.3967,125.1091,-0.1242037211386918,NORMAL,NORMAL,0.8,El cambio porcentual es pequeño y la diferencia con la media historica no es extrema considerando la,2589.615821838379,0.0,177,49
MLB3836681004,2024-03-01,169.8249,95.74903916319366,113.22253408751128,80.19652857142867,58.435839171027446,16.1312,153.6937,952.7728873239438,89.62837142857134,8.5697,169.8249,0.6542501581267346,NORMAL,ANOMALO,0.99,cambio porcentual extremadamente alto y diferencia vs media historica significativa,2585.702896118164,0.0,177,39
MLB3836655204,2024-01-21,29.6354,76.06296687645155,85.58009999829443,41.78045714285712,33.22293627676193,48.5569,-18.9215,-38.96768533411317,-12.145057142857125,5.1617,96.7375,-0.5425042372228098,NORMAL,ANOMALO,0.9,cambio porcentual alto y diferencia significativa vs media historica y movil,2542.9491996765137,0.0,177,40
MLB3836655204,2024-02-27,8.6833,76.06296687645155,85.58009999829443,37.17762857142868,30.162336431812243,23.7992,-15.1159,-63.51431980906922,-28.49432857142868,4.0044,86.3573,-0.7873286765255137,NORMAL,ANOMALO,0.95,cambio porcentual extremo y diferencia significativa vs media historica y movil,2724.5330810546875,0.0,177,41
MLB3836655204,2024-03-10,95.3956,76.06296687645155,85.58009999829443,59.66332857142867,61.36073924143751,64.7023,30.693300000000008,47.43772632503019,35.73227142857133,8.1153,178.8987,0.2259010344890311,NORMAL,ANOMALO,0.9,cambio porcentual alto y diferencia vs media historica significativa,2534.838914871216,0.0,177,37
MLB3836681004,2024-02-09,102.9003,95.74903916319366,113.22253408751128,194.86558571428571,154.32200441418271,203.273,-100.3727,-49.37827453719874,-91.96528571428574,28.3077,503.674,0.063161109171496,NORMAL,ANOMALO,0.95,cambio porcentual grande y diferencia vs media historica significativa,2950.123071670532,0.0,177,37
MLB3836655204,2024-01-07,2.4424,76.06296687645155,85.58009999829443,173.78264285714275,344.906543395521,36.636,-34.1936,-93.33333333333331,-171.34024285714275,2.4424,953.8779,-0.8602533400792503,NORMAL,ANOMALO,0.99,cambio porcentual extremadamente alto y diferencia vs media historica significativa,2560.626983642578,0.0,177,39
MLB3836655204,2024-02-09,42.1527,76.06296687645155,85.58009999829443,102.51689999999996,158.32558589287882,64.9153,-22.7626,-35.065077108170186,-60.36419999999995,3.0885,456.2957,-0.3962400940541664,NORMAL,ANOMALO,0.9,cambio porcentual grande y diferencia vs media historica significativa,2703.6778926849365,0.0,177,37
MLB3836669552,2024-01-03,345.912,258.816287962021,197.4753623256356,212.7129571428572,180.5132853692569,97.4049,248.5071,255.1279247758583,133.1990428571428,39.76,435.372,0.4410459664833946,NORMAL,ANOMALO,0.95,cambio porcentual extremadamente alto y diferencia vs media historica significativa,2764.8770809173584,0.0,177,39
MLB3836655204,2024-02-17,10.9269,76.06296687645155,85.58009999829443,112.09581428571428,165.55523420148336,109.8086,-98.8817,-90.04914004914004,-101.16891428571428,9.8548,472.8813,-0.7611123014595516,NORMAL,ANOMALO,0.99,cambio porcentual extremadamente alto y diferencia vs media historica significativa,2763.956308364868,0.0,177,39
MLB3542531789,2024-02-23,100.5573,91.0362,9.778192870850951,99.77427142857142,0.7737123188753566,100.5573,0.0,0.0,0.7830285714285736,98.8817,100.5573,0.9737075261263828,NORMAL,NORMAL,0.8,El precio actual es igual al del dia anterior y se encuentra dentro de un rango razonable respecto a,2766.144037246704,0.0,177,51
MLB3836681004,2024-02-06,17.9914,95.74903916319366,113.22253408751128,48.43619999999997,68.99224037421413,4.0541,13.9373,343.7828371278458,-30.44479999999997,4.0541,202.3074,-0.6867682284537635,NORMAL,ANOMALO,0.99,cambio porcentual extremadamente alto y diferencia significativa vs media historica y movil,2535.6757640838623,0.0,177,42
MLB3836655204,2023-12-30,11.3955,76.06296687645155,85.58009999829443,40.62011428571418,49.18878965413033,14.1574,-2.7619000000000007,-19.508525576730197,-29.224614285714186,3.4151,140.5445,-0.7556367294521038,NORMAL,ANOMALO,0.8,cambio porcentual grande y diferencia significativa vs media historica y movil,2549.7000217437744,0.0,177,40
MLB3836655204,2023-12-27,95.5802,76.06296687645155,85.58009999829443,105.8244857142856,93.50035498589382,120.5935,-25.0133,-20.741831027377096,-10.244285714285596,9.5779,272.6968,0.2280580780071166,NORMAL,ANOMALO,0.8,cambio porcentual grande y diferencia vs media historica significativa,2517.990827560425,0.0,177,37
MLB3836655204,2024-02-09,82.3103,76.06296687645155,85.58009999829443,63.56832857142852,40.89609136191744,6.9651,75.3452,1081.7533129459737,18.741971428571475,6.9651,132.1168,0.0729998343416629,NORMAL,ANOMALO,0.99,cambio porcentual extremadamente alto y diferencia significativa vs media historica,2568.1440830230713,0.0,178,39
MLB3836655204,2024-01-30,157.8401,76.06296687645155,85.58009999829443,52.25194285714268,56.87483836996482,45.5536,112.2865,246.4931421446384,105.58815714285733,3.8411,157.8401,0.9555624860875672,NORMAL,ANOMALO,0.99,cambio porcentual extremadamente alto y diferencia vs media historica significativa,2725.053071975708,0.0,177,39
MLB3836655204,2024-01-23,102.0341,76.06296687645155,85.58009999829443,44.35572857142852,50.67064893265037,19.2339,82.80019999999999,430.4909560723514,57.678371428571474,6.4539,131.492,0.3034716379278748,NORMAL,ANOMALO,0.99,cambio porcentual extremadamente alto y diferencia significativa vs media historica y media movil,2593.0027961730957,0.0,177,43
MLB3836655204,2024-02-27,146.7712,76.06296687645155,85.58009999829443,68.574842857143,48.03790966312916,15.7975,130.9737,829.0786516853933,78.196357142857,15.7975,146.7712,0.8262228382146714,NORMAL,ANOMALO,0.99,cambio porcentual extremadamente alto y diferencia vs media historica significativa,2537.6877784729004,0.0,177,39
MLB3836655204,2024-02-21,467.7125,76.06296687645155,85.58009999829443,114.52097142857149,164.50624968805585,5.9001,461.8124,7827.196149217809,353.1915285714285,5.9001,467.7125,4.576408920830774,ANOMALO,ANOMALO,0.99,cambio porcentual extremadamente alto y diferencia vs media historica significativa,2833.8661193847656,0.0,178,39
MLB3836681004,2024-03-02,70.2119,95.74903916319366,113.22253408751128,55.73905714285724,40.9514165879846,121.5094,-51.2975,-42.21689844571696,14.47284285714276,3.3299,121.5094,-0.2255482035157432,NORMAL,ANOMALO,0.9,cambio porcentual grande y diferencia significativa vs media historica,2583.561897277832,0.0,177,37
MLB3407390455,2023-12-24,326.6,352.94780821917806,50.27057965115095,364.3314285714286,62.17728616050813,326.6,0.0,0.0,-37.73142857142858,326.6,482.8,-0.524119841003934,NORMAL,NORMAL,0.8,El precio actual es igual al del dia anterior y no hay un cambio significativo en relacion con la me,2629.9569606781006,0.0,177,51
MLB3836655204,2024-01-02,23.998,76.06296687645155,85.58009999829443,74.25078571428561,98.96528288301371,39.5612,-15.563199999999998,-39.33955491744436,-50.25278571428561,7.597,265.3412,-0.6083770277366516,NORMAL,ANOMALO,0.9,cambio porcentual grande y diferencia significativa vs media historica y movil,2606.8077087402344,0.0,177,40
MLB3836655204,2024-02-02,67.2725,76.06296687645155,85.58009999829443,139.03017142857124,127.93678900571403,15.3502,51.92229999999999,338.25161887141536,-71.75767142857124,15.3502,346.8563,-0.1027162491700709,NORMAL,ANOMALO,0.95,cambio porcentual extremadamente alto y diferencia vs media historica significativa,2667.0079231262207,0.0,177,39
MLB3836655204,2024-02-29,61.0103,76.06296687645155,85.58009999829443,95.55687142857153,63.73623530095898,181.2417,-120.2314,-66.33760332197282,-34.54657142857151,13.4758,181.2417,-0.1758898023605096,NORMAL,ANOMALO,0.95,cambio porcentual extremo y diferencia significativa vs media historica y media movil,2739.7921085357666,0.0,177,42
MLB3836655204,2024-02-26,162.3273,76.06296687645155,85.58009999829443,80.8771142857144,61.4250462157597,87.046,75.2813,86.48450244698205,81.45018571428561,30.7856,170.2012,1.0079952362194915,NORMAL,ANOMALO,0.95,cambio porcentual alto y diferencia vs media historica significativa,2764.3802165985107,0.0,177,37
MLB3836681004,2024-02-07,85.6331,95.74903916319366,113.22253408751128,107.60455714285716,117.238053729052,67.0311,18.602000000000004,27.751297532041104,-21.971457142857147,28.3077,364.656,-0.08934563462854,NORMAL,ANOMALO,0.8,cambio porcentual alto y diferencia significativa vs media historica,2583.0512046813965,0.0,177,37
MLB3836655204,2024-02-06,28.1373,76.06296687645155,85.58009999829443,87.1606142857142,80.28619717883113,128.6449,-100.5076,-78.12793200507755,-59.02331428571421,5.5522,234.1864,-0.5600094750041961,NORMAL,ANOMALO,0.99,cambio porcentual extremadamente alto y diferencia vs media historica significativa,2640.2790546417236,0.0,177,39
MLB3836655204,2023-12-14,86.7691,76.06296687645155,85.58009999829443,82.90568571428572,52.43605510910137,39.2559,47.5132,121.03454512570084,3.863414285714271,13.845,159.9204,0.125100731624651,NORMAL,ANOMALO,0.95,cambio porcentual extremadamente alto,2652.1031856536865,0.0,177,31
MLB3836681004,2024-02-02,54.6416,95.74903916319366,113.22253408751128,71.41889999999991,50.96405305268386,56.3953,-1.753700000000002,-3.109656301145667,-16.77729999999991,25.9221,173.2968,-0.363067648068983,NORMAL,NORMAL,0.8,El cambio porcentual es moderado y la diferencia vs media no es extrema considerando la desviacion e,2565.9940242767334,0.0,177,46
MLB3836655204,2024-01-27,9.5779,76.06296687645155,85.58009999829443,46.64902857142845,29.67300430327987,74.5571,-64.9792,-87.1536044186268,-37.07112857142845,3.6565,79.1863,-0.7768753117840225,NORMAL,ANOMALO,0.99,cambio porcentual extremadamente alto y diferencia significativa vs media historica,2761.4829540252686,0.0,177,39
MLB3836655204,2024-01-11,190.9545,76.06296687645155,85.58009999829443,80.30302857142848,69.06366575235192,21.6479,169.3066,782.0924893407674,110.65147142857153,9.1235,190.9545,1.3425029079472115,NORMAL,ANOMALO,0.99,cambio porcentual extremadamente alto y diferencia vs media historica significativa,2570.4948902130127,0.0,177,39
MLB3836655204,2024-02-08,153.3316,76.06296687645155,85.58009999829443,104.81121428571426,81.10367732619493,217.1393,-63.80769999999998,-29.38560638263087,48.52038571428575,16.9832,217.1393,0.9028808463189408,NORMAL,ANOMALO,0.9,cambio porcentual grande y diferencia vs media historica significativa,2526.9711017608643,0.0,177,37
MLB3836681004,2024-01-28,38.8086,95.74903916319366,113.22253408751128,70.52632857142844,87.95281413202459,269.1255,-230.3169,-85.57973882073604,-31.71772857142844,26.3055,269.1255,-0.502907302129049,NORMAL,ANOMALO,0.99,cambio porcentual extremadamente alto y diferencia significativa vs media historica y movil,2585.4053497314453,0.0,177,42
MLB3836681004,2024-02-07,124.8961,95.74903916319366,113.22253408751128,84.24961428571429,53.70545416828153,37.7507,87.1454,230.8444611623096,40.64648571428572,24.8216,153.076,0.2574316240944038,NORMAL,ANOMALO,0.95,cambio porcentual extremadamente alto y diferencia significativa vs media historica y media movil,2761.9967460632324,0.0,177,43
MLB3836655204,2024-02-05,9.9897,76.06296687645155,85.58009999829443,64.72765714285704,57.49159386289623,35.2515,-25.2618,-71.66163141993958,-54.73795714285704,9.9897,158.9832,-0.7720634454744472,NORMAL,ANOMALO,0.95,cambio porcentual extremo y diferencia significativa vs media historica y movil,2765.11287689209,0.0,177,41
MLB3386318393,2024-03-06,149.1,174.25556962025317,27.03854825353153,149.80999999999997,2.2074797092306864,151.23,-2.1299999999999955,-1.4084507042253491,-0.7099999999999795,146.97,153.36,-0.930359476961341,NORMAL,NORMAL,0.8,El precio actual se encuentra cerca de la media movil de 7 dias y no supera 2 desviaciones estandar ,2764.4779682159424,0.0,177,52
MLB3346656305,2024-02-09,333.7,332.3381967213115,23.867441456804496,333.4971428571428,0.5367095516624031,333.7,0.0,0.0,0.2028571428571695,332.28,333.7,0.0570569443139745,NORMAL,NORMAL,0.9,El precio actual es igual al del dia anterior y se encuentra dentro de un margen razonable de la med,2570.7249641418457,0.0,177,50
MLB3836681004,2024-02-20,32.9724,95.74903916319366,113.22253408751128,93.29400000000004,69.586398158212,49.0255,-16.0531,-32.74438812454743,-60.32160000000005,32.9724,236.7424,-0.5544535781996204,NORMAL,ANOMALO,0.9,cambio porcentual grande y diferencia vs media historica significativa,2958.420991897583,0.0,177,37
MLB3836681004,2024-03-06,37.6939,95.74903916319366,113.22253408751128,54.31398571428578,43.78996942978653,50.5449,-12.851,-25.42491923022897,-16.62008571428578,8.7188,124.2855,-0.512752515441798,NORMAL,ANOMALO,0.8,cambio porcentual grande y diferencia significativa vs media historica y movil,2557.4278831481934,0.0,177,40
MLB3836669552,2024-01-24,335.972,258.816287962021,197.4753623256356,183.72771428571428,122.857519022719,157.0449,178.92709999999997,113.9337221393372,152.2442857142857,77.5249,375.732,0.3907105733364477,NORMAL,ANOMALO,0.95,cambio porcentual alto y diferencia vs media historica significativa,2557.8339099884033,0.0,177,37
MLB3836655204,2024-01-29,31.8506,76.06296687645155,85.58009999829443,114.79077142857132,96.03328750361808,114.7857,-82.9351,-72.25211851302035,-82.94017142857132,10.0891,301.4234,-0.516619715005784,NORMAL,ANOMALO,0.95,cambio porcentual extremo y diferencia significativa vs media historica y media movil,2518.805980682373,0.0,177,42
MLB4015013082,2024-02-01,25.5813,24.62455631578948,0.8563087993402977,24.46862857142857,0.945248986095344,24.0051,1.5762,6.566104702750667,1.112671428571428,23.004,25.5813,1.1172881485916275,NORMAL,ANOMALO,0.8,El precio actual supera la media historica y la media movil en mas de 1 desviacion estandar y el cam,2606.444835662842,0.0,177,57
MLB3836655204,2024-02-15,86.8472,76.06296687645155,85.58009999829443,83.1095571428571,40.21702519637864,39.1352,47.712,121.9158200290276,3.7376428571429017,23.4158,129.1348,0.1260133269592258,NORMAL,ANOMALO,0.95,cambio porcentual extremadamente alto,2480.9060096740723,0.0,177,31
MLB3836655204,2024-03-11,33.441,76.06296687645155,85.58009999829443,60.71311428571439,45.57555561772988,14.7325,18.7085,126.98795180722892,-27.272114285714387,14.7325,129.8306,-0.498035955465355,NORMAL,ANOMALO,0.9,cambio porcentual extremadamente alto y diferencia significativa vs media historica y media movil,2925.9860515594482,0.0,177,43
MLB3784050086,2024-02-01,117.2139,119.839838317757,2.7341409958206864,119.64412857142858,1.2133158007628566,120.6929,-3.478999999999999,-2.882522501323607,-2.430228571428586,117.2139,120.6929,-0.9604253446207308,NORMAL,NORMAL,0.8,El precio actual se encuentra dentro de 1 desviacion estandar de la media historica,2676.723003387451,0.0,177,40
MLB3836655204,2024-01-08,93.9898,76.06296687645155,85.58009999829443,131.71412857142843,87.69141771617473,199.865,-105.8752,-52.97335701598579,-37.72432857142843,20.3699,247.9959,0.2094743184666876,NORMAL,ANOMALO,0.9,cambio porcentual grande y diferencia significativa vs media historica y media movil,2853.9211750030518,0.0,177,41
MLB3836655204,2024-02-02,54.9185,76.06296687645155,85.58009999829443,64.37367142857127,92.41044821340525,271.2839,-216.3654,-79.75607841084562,-9.45517142857127,5.3392,271.2839,-0.2470722384573309,NORMAL,ANOMALO,0.99,cambio porcentual extremadamente alto y diferencia significativa con respecto a la media historica y,2693.620204925537,0.0,177,45
MLB3836655204,2024-02-29,14.0012,76.06296687645155,85.58009999829443,70.42388571428579,64.10787377702978,46.7322,-32.730999999999995,-70.03950167122454,-56.42268571428579,11.5517,202.2009,-0.7251892305622046,NORMAL,ANOMALO,0.95,cambio porcentual extremo y diferencia significativa vs media historica y movil,2832.218885421753,0.0,177,41
MLB3836681004,2024-01-29,74.2873,95.74903916319366,113.22253408751128,130.3286142857142,106.73649539242962,243.175,-168.8877,-69.45109489051094,-56.04131428571419,14.9526,249.8064,-0.1895536019774124,NORMAL,ANOMALO,0.95,cambio porcentual extremo y diferencia significativa vs media historica y media movil,2668.480157852173,0.0,177,42
MLB3836655204,2024-01-27,98.8888,76.06296687645155,85.58009999829443,79.13964285714272,46.44009374096556,96.9363,1.9525000000000008,2.0142093312825025,19.749157142857285,8.6833,156.7254,0.2667189349081874,NORMAL,ANOMALO,0.8,"El precio actual se encuentra por encima de la media historica y la media movil, con una diferencia ",2553.2009601593018,0.0,177,50
MLB4343872502,2024-01-26,27.5125,24.670952564102564,5.506493366966664,29.01567142857143,2.862294397690023,27.5125,0.0,0.0,-1.5031714285714308,27.5125,35.429,0.5160357493179708,NORMAL,NORMAL,0.8,El precio actual es igual al del dia anterior y se encuentra dentro de un rango razonable respecto a,2617.234945297241,0.0,177,54
MLB3836655204,2024-02-26,169.3421,76.06296687645155,85.58009999829443,115.8720000000001,80.3978311935101,48.5001,120.84199999999998,249.15824915824908,53.47009999999989,4.544,245.5251,1.0899628899067402,NORMAL,ANOMALO,0.95,cambio porcentual extremadamente alto y diferencia significativa vs media historica y media movil,2601.639747619629,0.0,177,43
MLB3836681004,2023-12-28,30.0188,95.74903916319366,113.22253408751128,65.65674285714275,93.0310817073154,34.5344,-4.515599999999999,-13.075657894736842,-35.63794285714275,9.6134,270.7798,-0.5805402580601529,NORMAL,ANOMALO,0.8,"El precio actual se encuentra por debajo de la media historica y la media movil, con un cambio porce",2768.845796585083,0.0,177,59
MLB3836655204,2024-03-09,145.5429,76.06296687645155,85.58009999829443,95.1440571428573,47.353194172053946,65.0218,80.5211,123.837082332387,50.3988428571427,18.9499,153.4665,0.8118702024981795,NORMAL,ANOMALO,0.95,cambio porcentual extremadamente alto y diferencia significativa vs media historica y media movil,2763.0629539489746,0.0,177,43
MLB3836681004,2024-02-05,331.5061,95.74903916319366,113.22253408751128,122.55208571428568,113.57151865716487,217.189,114.3171,52.63484798953907,208.95401428571432,18.5026,331.5061,2.0822450470306904,NORMAL,ANOMALO,0.9,El precio actual supera en un 52.63% el precio del dia anterior y se encuentra a 208.95 unidades por,2690.338134765625,0.0,177,70
MLB3836681004,2024-03-02,12.1197,95.74903916319366,113.22253408751128,64.38685714285724,51.17803648584016,94.6927,-82.57300000000001,-87.20101971957712,-52.26715714285724,12.1197,142.2911,-0.7386280463495817,NORMAL,ANOMALO,0.99,cambio porcentual extremadamente alto y diferencia vs media historica significativa,2837.4500274658203,0.0,177,39
MLB3836655204,2024-03-04,31.524,76.06296687645155,85.58009999829443,51.32590000000011,39.32653980698094,41.393,-9.869,-23.842195540308747,-19.80190000000011,28.4142,138.9825,-0.5204360227685506,NORMAL,ANOMALO,0.9,cambio porcentual grande y diferencia significativa vs media historica y media movil,2677.156686782837,0.0,177,41
MLB3836655204,2024-03-10,179.5803,76.06296687645155,85.58009999829443,81.09620000000014,85.1936448685387,29.8697,149.7106,501.21226527216544,98.48409999999986,10.2595,225.9646,1.209595841948251,NORMAL,ANOMALO,0.99,cambio porcentual extremadamente alto y diferencia vs media historica significativa,2633.9757442474365,0.0,177,39
MLB3836655204,2024-02-20,18.2825,76.06296687645155,85.58009999829443,48.519371428571496,32.02979159322729,55.3019,-37.019400000000005,-66.94055719604572,-30.236871428571497,3.4506,87.6708,-0.6751624135850679,NORMAL,ANOMALO,0.95,cambio porcentual extremo y diferencia significativa vs media historica y movil,2674.906015396118,0.0,177,41
MLB3836655204,2024-01-26,14.0864,76.06296687645155,85.58009999829443,40.13122857142845,23.840407909104364,18.5949,-4.5085,-24.245895379916,-26.044828571428454,14.0864,84.6178,-0.724193672015396,NORMAL,ANOMALO,0.9,cambio porcentual grande y diferencia significativa vs media historica y movil,2649.803876876831,0.0,177,40
MLB3836655204,2024-02-20,66.6832,76.06296687645155,85.58009999829443,109.42317142857142,112.76132137897405,33.1144,33.5688,101.3722126929674,-42.73997142857142,2.4069,307.8773,-0.1096021957854976,NORMAL,ANOMALO,0.9,cambio porcentual alto y diferencia significativa vs media historica,2573.206901550293,0.0,177,37
MLB3836681004,2024-02-18,530.7889,95.74903916319366,113.22253408751128,180.2243714285715,214.62145346861772,17.75,513.0389,2890.36,350.5645285714285,13.2912,530.7889,3.842343437236041,ANOMALO,ANOMALO,0.99,cambio porcentual extremadamente alto y diferencia vs media historica significativa,2646.1949348449707,0.0,178,39
MLB3836681004,2024-01-31,96.2405,95.74903916319366,113.22253408751128,60.477799999999874,38.1953431263132,62.1392,34.101299999999995,54.87888482632541,35.76270000000012,13.5042,116.5039,0.0043406627551992,NORMAL,ANOMALO,0.9,cambio porcentual alto y diferencia significativa vs media historica y media movil,2527.409076690674,0.0,177,41
MLB3836655204,2024-02-18,95.7222,76.06296687645155,85.58009999829443,78.65075714285707,56.82029865388013,33.441,62.2812,186.2420382165605,17.071442857142927,21.6124,186.0981,0.2297173422517977,NORMAL,ANOMALO,0.99,cambio porcentual extremadamente alto y diferencia significativa vs media historica,2792.5899028778076,0.0,177,39
MLB3836655204,2024-02-01,52.2489,76.06296687645155,85.58009999829443,21.621528571428428,17.348615590560023,20.0362,32.2127,160.77250177179303,30.62737142857157,7.5473,52.2489,-0.2782664062573367,NORMAL,ANOMALO,0.95,cambio porcentual extremadamente alto y diferencia significativa vs media historica y media movil,2778.546094894409,0.0,177,43
MLB3836655204,2023-12-19,21.1651,76.06296687645155,85.58009999829443,23.16628571428565,24.323998111975985,3.2731,17.892,546.6377440347071,-2.001185714285647,2.5702,69.8072,-0.6414793494180406,NORMAL,ANOMALO,0.99,cambio porcentual extremadamente alto y desviacion significativa respecto a la media historica,2540.5619144439697,0.0,177,43
MLB3836669552,2023-12-27,475.132,258.816287962021,197.4753623256356,262.12895714285713,159.0282930667878,206.752,268.38,129.8076923076923,213.00304285714287,97.4049,475.132,1.0954060773937038,NORMAL,ANOMALO,0.95,cambio porcentual y diferencia vs media historica muy altos,2683.0339431762695,0.0,177,37
MLB3836681004,2024-02-09,29.9762,95.74903916319366,113.22253408751128,73.59961428571432,63.19699689245285,19.4753,10.500899999999998,53.91906671527524,-43.623414285714325,19.4753,183.5066,-0.5809165082504489,NORMAL,ANOMALO,0.9,cambio porcentual alto y diferencia significativa vs media historica y media movil,2764.87398147583,0.0,177,41
MLB3836681004,2024-02-23,60.6766,95.74903916319366,113.22253408751128,71.95139999999999,52.901457587922,12.8013,47.8753,373.987798114254,-11.274799999999992,7.6751,158.6637,-0.3097655377770296,NORMAL,ANOMALO,0.99,cambio porcentual extremadamente alto y desviacion del precio actual respecto a la media historica y,2762.647867202759,0.0,177,48
MLB3836655204,2024-01-12,72.3703,76.06296687645155,85.58009999829443,73.15941428571422,38.19901801130805,67.9754,4.394900000000007,6.465427198663057,-0.7891142857142199,40.9031,155.348,-0.0431486627860175,NORMAL,NORMAL,0.8,"El cambio porcentual es alto, pero la diferencia vs media es baja y el precio actual sigue dentro de",3072.664737701416,0.0,177,59
MLB3836655204,2024-01-27,153.8002,76.06296687645155,85.58009999829443,96.63708571428558,108.54809648909068,299.2295,-145.42929999999998,-48.60125756317476,57.163114285714414,9.8477,299.2295,0.9083564183263882,NORMAL,ANOMALO,0.9,cambio porcentual grande y diferencia significativa vs media historica y movil,2764.420986175537,0.0,177,40
MLB3836681004,2024-01-25,134.5024,95.74903916319366,113.22253408751128,65.3514428571427,52.16953320875854,54.5493,79.95309999999999,146.57035012364958,69.1509571428573,16.9335,142.8023,0.3422760420061836,NORMAL,ANOMALO,0.95,cambio porcentual extremadamente alto y diferencia vs media historica significativa,2765.947103500366,0.0,177,39
MLB3836681004,2023-12-18,52.3625,95.74903916319366,113.22253408751128,66.46208571428568,44.47009045326217,54.2369,-1.8744000000000012,-3.4559497316402696,-14.09958571428568,6.9225,144.6483,-0.3831970332498266,NORMAL,NORMAL,0.8,El cambio porcentual es moderado y la diferencia vs media no es extrema considerando la desviacion e,2762.666940689087,0.0,177,46
MLB3836681004,2023-12-29,14.8177,95.74903916319366,113.22253408751128,93.93401428571416,128.63423978996323,33.3345,-18.5168,-55.548455804046846,-79.11631428571417,14.8177,372.2814,-0.714798867630826,NORMAL,ANOMALO,0.9,cambio porcentual grande y diferencia vs media historica significativa,2661.0751152038574,0.0,177,37
MLB4241522188,2024-02-09,99.2509,101.15378875,9.39249164748628,98.69912857142856,0.5836371924245874,98.619,0.6319000000000017,0.6407487401007936,0.5517714285714277,97.9516,99.2509,-0.2025967995918639,NORMAL,NORMAL,0.8,El precio actual se encuentra dentro de un rango razonable en relacion con la media historica y la d,2864.475965499878,0.0,177,57
MLB3836655204,2024-01-10,17.6577,76.06296687645155,85.58009999829443,78.27445714285702,80.11595188173506,14.5124,3.145299999999999,21.673189823874747,-60.61675714285702,14.5124,211.0759,-0.682463176261665,NORMAL,ANOMALO,0.9,cambio porcentual alto y diferencia significativa vs media historica,2767.327070236206,0.0,177,37
MLB3836681004,2024-03-07,135.0562,95.74903916319366,113.22253408751128,101.09994285714292,48.54551673573524,105.6764,29.37979999999999,27.801666218758385,33.95625714285707,28.4426,173.9642,0.3471672944800335,NORMAL,ANOMALO,0.9,El precio actual supera en un 27.80% el precio del dia anterior y la diferencia con la media histori,2763.795852661133,0.0,177,51
MLB3836655204,2024-02-24,98.69,76.06296687645155,85.58009999829443,74.88471428571435,39.399874538819766,13.4758,85.2142,632.3498419388831,23.805285714285645,13.4758,108.4454,0.2643959649656337,NORMAL,ANOMALO,0.99,cambio porcentual extremadamente alto y diferencia significativa vs media historica y media movil,2764.946222305298,0.0,177,43
MLB3836655204,2024-02-27,98.3208,76.06296687645155,85.58009999829443,66.84954285714296,58.262259369906864,27.8604,70.4604,252.90519877675845,31.47125714285704,13.6462,142.6248,0.2600818779294628,NORMAL,ANOMALO,0.99,cambio porcentual extremadamente alto y diferencia significativa vs media historica y media movil,2763.943910598755,0.0,177,43
MLB3532248363,2024-01-30,153.999,143.79436363636364,13.850354327749033,155.46971428571428,5.351082155797728,153.999,0.0,0.0,-1.47071428571428,146.26,161.88,0.7367779996663115,NORMAL,NORMAL,0.8,El precio actual es igual al precio del dia anterior y se encuentra dentro de un rango razonable res,2574.528932571411,0.0,177,55
MLB3491254785,2024-01-26,144.84,136.70071653543306,14.509902085203214,152.8325714285714,11.49804444035525,147.68,-2.8400000000000034,-1.9230769230769251,-7.992571428571409,144.84,177.429,0.5609468217747441,NORMAL,NORMAL,0.8,El precio actual se encuentra dentro de 1 desviacion estandar de la media historica,2552.5288581848145,0.0,177,40
MLB3836655204,2024-02-20,17.9843,76.06296687645155,85.58009999829443,97.90392857142857,92.98851764471922,86.975,-68.99069999999999,-79.32244897959183,-79.91962857142856,16.5146,291.8455,-0.6786468684988983,NORMAL,ANOMALO,0.99,cambio porcentual extremo y diferencia significativa vs media historica y media movil,2858.966827392578,0.0,177,42
MLB3836655204,2024-02-15,60.1938,76.06296687645155,85.58009999829443,38.93944285714282,18.59547239068344,44.5596,15.6342,35.08604206500956,21.25435714285718,16.4223,63.8006,-0.1854305717674262,NORMAL,ANOMALO,0.8,cambio porcentual alto y diferencia vs media historica significativa,2763.481855392456,0.0,177,37
MLB3836655204,2024-01-25,155.5397,76.06296687645155,85.58009999829443,31.810028571428514,54.9013547805141,5.7936,149.7461,2584.68137254902,123.72967142857148,3.0814,155.5397,0.9286824053237326,NORMAL,ANOMALO,0.99,cambio porcentual extremadamente alto y diferencia vs media historica significativa,2570.223093032837,0.0,178,39
MLB3836655204,2024-03-02,46.8742,76.06296687645155,85.58009999829443,87.08961428571438,89.91683619360838,25.3257,21.5485,85.08550602747407,-40.21541428571437,9.5779,250.5164,-0.3410695579185182,NORMAL,ANOMALO,0.9,cambio porcentual alto y diferencia significativa vs media historica,2535.127639770508,0.0,177,37
MLB3836655204,2024-03-02,205.9568,76.06296687645155,85.58009999829443,82.0810714285715,68.77912955177001,73.0448,132.91199999999998,181.95956454121304,123.87572857142848,6.5604,205.9568,1.517804175397775,NORMAL,ANOMALO,0.99,cambio porcentual extremadamente alto y diferencia vs media historica significativa,2673.8321781158447,0.0,177,39
MLB3836655204,2024-01-04,163.7544,76.06296687645155,85.58009999829443,119.53255714285706,77.99230834753138,226.0711,-62.3167,-27.56508903614836,44.22184285714295,26.0215,226.0711,1.024670841878537,NORMAL,ANOMALO,0.9,cambio porcentual grande y diferencia significativa vs media historica y media movil,2549.1867065429688,0.0,177,41
MLB3836655204,2024-02-20,135.4467,76.06296687645155,85.58009999829443,80.70975714285713,50.80878031947545,25.9576,109.4891,421.79978118161927,54.736942857142864,25.9576,135.4467,0.6938965147013496,NORMAL,ANOMALO,0.99,cambio porcentual extremadamente alto y diferencia vs media historica significativa,2578.300952911377,0.0,177,39
MLB3836655204,2024-01-20,145.6494,76.06296687645155,85.58009999829443,83.95648571428569,75.29301896812903,18.9641,126.6853,668.0269561961813,61.69291428571432,18.247,212.3894,0.8131146506816905,NORMAL,ANOMALO,0.99,cambio porcentual extremadamente alto y diferencia vs media historica significativa,2548.443078994751,0.0,177,39
MLB3836655204,2024-02-03,63.8361,76.06296687645155,85.58009999829443,30.12631428571413,23.317993852489405,53.5695,10.266600000000004,19.165009940357866,33.70978571428587,6.8089,63.8361,-0.1428704438913547,NORMAL,ANOMALO,0.8,cambio porcentual alto y diferencia vs media historica significativa,2543.8129901885986,0.0,177,37
MLB3836655204,2024-03-06,31.5027,76.06296687645155,85.58009999829443,149.28358571428583,240.29608935454647,70.8083,-39.3056,-55.5098766670009,-117.78088571428584,19.667,687.1735,-0.5206849124052527,NORMAL,ANOMALO,0.9,cambio porcentual grande y diferencia vs media historica significativa,2533.144950866699,0.0,177,37
MLB3836655204,2024-01-04,419.6952,76.06296687645155,85.58009999829443,119.6552857142856,144.52797363827176,19.951,399.7442,2003.629893238434,300.0399142857144,15.7762,419.6952,4.015328716491843,ANOMALO,ANOMALO,0.99,cambio porcentual extremadamente alto y diferencia vs media historica significativa,2808.56990814209,0.0,178,39
MLB3682821522,2024-02-26,87.7347,86.29320093457943,3.096887499510069,87.33912857142857,0.5357045165457357,87.2164,0.5183000000000106,0.5942689677629559,0.3955714285714293,86.5206,87.7347,0.4654670410190711,NORMAL,NORMAL,0.8,El precio actual se encuentra dentro de 1 desviacion estandar de la media historica y la media movil,2557.5592517852783,0.0,177,45
MLB4093560286,2024-03-06,22.1449,20.995094444444444,2.138694079187297,22.0171,0.7872146678850411,21.2361,0.9087999999999994,4.279505182213304,0.1278000000000005,20.6468,22.649,0.5376203924482168,NORMAL,NORMAL,0.8,El precio actual esta dentro de 1 desviacion estandar de la media historica y la diferencia vs media,2556.579113006592,0.0,177,46
MLB3836655204,2024-01-07,291.1568,76.06296687645155,85.58009999829443,117.7200285714284,89.07633408578623,13.6462,277.51059999999995,2033.6108220603533,173.43677142857155,13.6462,291.1568,2.513362722206465,NORMAL,ANOMALO,0.99,cambio porcentual extremadamente alto y diferencia vs media historica significativa,2582.0248126983643,0.0,178,39
MLB3836655204,2024-01-13,2.5702,76.06296687645155,85.58009999829443,88.07245714285708,110.8100546777366,324.1789,-321.6087,-99.20716616658272,-85.50225714285708,2.5702,324.1789,-0.8587600022590373,NORMAL,ANOMALO,0.99,cambio porcentual extremadamente alto y diferencia vs media historica significativa,2518.960952758789,0.0,177,39
MLB4141602146,2024-02-28,85.4201,93.54646764705882,3.9618653478817136,95.35502857142858,6.786848262316913,85.4201,0.0,0.0,-9.934928571428571,85.4201,99.329,-2.051146849524369,NORMAL,ANOMALO,0.8,Diferencia significativa vs media historica y media movil,2683.799982070923,0.0,177,36
MLB3836655204,2024-02-26,11.1683,76.06296687645155,85.58009999829443,39.31168571428584,26.917994773846857,92.3355,-81.1672,-87.90465205690118,-28.143385714285834,11.1683,92.3355,-0.7582915522435936,NORMAL,ANOMALO,0.99,cambio porcentual extremadamente alto y diferencia significativa vs media historica y media movil,2628.870964050293,0.0,177,43
MLB3836681004,2024-01-10,30.0188,95.74903916319366,113.22253408751128,135.38584285714268,85.06331306564059,199.0982,-169.0794,-84.92261607588617,-105.36704285714268,30.0188,273.4423,-0.5805402580601529,NORMAL,ANOMALO,0.99,cambio porcentual extremadamente alto y diferencia vs media historica significativa,2595.2229499816895,0.0,177,39
MLB3836681004,2024-02-18,164.3224,95.74903916319366,113.22253408751128,158.67080000000007,110.17318728261311,367.9007,-203.5783,-55.33512167821372,5.651599999999917,31.4246,367.9007,0.6056511752134828,NORMAL,ANOMALO,0.9,cambio porcentual extremo y diferencia significativa con respecto a la media historica y movil,2637.5861167907715,0.0,177,44
MLB3065962586,2024-02-06,41.8687,295.89116037735846,132.25522731791295,235.1083857142857,114.538055326202,232.17,-190.3013,-81.96636085626912,-193.2396857142857,41.8687,340.09,-1.9206988299036107,NORMAL,ANOMALO,0.99,cambio porcentual extremadamente alto y diferencia vs media historica significativa,2582.9877853393555,0.0,177,39
MLB3836655204,2024-01-26,262.0468,76.06296687645155,85.58009999829443,84.38755714285705,85.41167538991974,71.5964,190.4504,266.00555335184447,177.65924285714297,8.2999,262.0468,2.17321355204683,NORMAL,ANOMALO,0.99,cambio porcentual extremadamente alto y diferencia vs media historica significativa,2762.4080181121826,0.0,177,39
MLB3836655204,2024-02-29,18.0766,76.06296687645155,85.58009999829443,40.51158571428581,40.20824666149403,7.1213,10.9553,153.83848454636092,-22.43498571428581,7.1213,106.5426,-0.6775683467398556,NORMAL,ANOMALO,0.95,cambio porcentual extremadamente alto y desviacion significativa de la media historica y movil,2600.2838611602783,0.0,177,45
MLB3836655204,2024-03-08,38.9648,76.06296687645155,85.58009999829443,64.80778571428584,41.7730068144668,11.3245,27.6403,244.07523510971785,-25.842985714285845,11.3245,123.5613,-0.4334905763472583,NORMAL,ANOMALO,0.95,cambio porcentual extremadamente alto y diferencia significativa vs media historica y media movil,2510.530948638916,0.0,177,43
MLB3836655204,2024-02-11,48.8409,76.06296687645155,85.58009999829443,46.1175428571428,49.73291228542181,15.0804,33.7605,223.8700564971752,2.7233571428571963,8.6336,151.5353,-0.3180887481296843,NORMAL,ANOMALO,0.95,cambio porcentual extremadamente alto y diferencia significativa con la media historica,2875.5440711975098,0.0,177,40
MLB3836681004,2024-01-30,7.9875,95.74903916319366,113.22253408751128,117.21288571428563,120.25289649511484,135.8301,-127.8426,-94.11949192410223,-109.22538571428564,7.9875,345.8126,-0.7751243148083075,NORMAL,ANOMALO,0.99,cambio porcentual extremadamente alto y diferencia vs media historica significativa,2582.939863204956,0.0,177,39
MLB3836681004,2024-02-06,7.4763,95.74903916319366,113.22253408751128,53.39504285714282,51.14267698145567,64.8656,-57.3893,-88.47416812609457,-45.91874285714282,5.2753,135.1556,-0.7796393170918612,NORMAL,ANOMALO,0.99,cambio porcentual extremadamente alto y diferencia vs media historica significativa,2520.9567546844482,0.0,177,39
MLB3836655204,2024-02-11,18.2612,76.06296687645155,85.58009999829443,102.27549999999997,97.46103363459348,69.1043,-50.84309999999999,-73.57443748073564,-84.01429999999995,18.2612,261.4859,-0.6754113032217701,NORMAL,ANOMALO,0.95,cambio porcentual extremo y diferencia significativa vs media historica y media movil,2639.732837677002,0.0,177,42
MLB3836655204,2024-02-04,141.8864,76.06296687645155,85.58009999829443,56.20562857142842,45.61857276226172,42.2166,99.6698,236.09149007736295,85.68077142857159,14.2071,141.8864,0.76914414819764,NORMAL,ANOMALO,0.99,cambio porcentual extremadamente alto y diferencia vs media historica significativa,2540.3220653533936,0.0,177,39
MLB3836655204,2024-01-11,212.6237,76.06296687645155,85.58009999829443,93.3325428571428,81.48279675798459,31.1406,181.4831,582.7861377108984,119.29115714285722,5.5522,212.6237,1.5957066316855553,NORMAL,ANOMALO,0.99,cambio porcentual extremadamente alto y diferencia vs media historica significativa,2612.0645999908447,0.0,177,39
MLB3836655204,2024-02-09,16.1667,76.06296687645155,85.58009999829443,54.937771428571374,51.44182099827903,17.6577,-1.4909999999999997,-8.443908323281061,-38.771071428571375,8.8963,130.3986,-0.6998854508308171,NORMAL,ANOMALO,0.9,"El precio actual se encuentra muy por debajo de la media historica y la media movil, con una diferen",2610.517978668213,0.0,177,56
MLB3836655204,2024-02-08,25.8369,76.06296687645155,85.58009999829443,57.538399999999925,52.70431498191859,68.5079,-42.67100000000001,-62.28624727951083,-31.701499999999925,2.5702,154.8155,-0.5868895557680307,NORMAL,ANOMALO,0.95,cambio porcentual extremo y diferencia significativa vs media historica y media movil,2570.5769062042236,0.0,177,42
MLB3836655204,2024-02-20,34.8681,76.06296687645155,85.58009999829443,53.44677142857142,49.16019845595505,52.8737,-18.0056,-34.05398146904794,-18.57867142857142,11.4594,155.1492,-0.4813603498063095,NORMAL,ANOMALO,0.9,cambio porcentual grande y diferencia significativa vs media historica y movil,2803.957223892212,0.0,177,40
MLB3836681004,2024-01-03,46.4624,95.74903916319366,113.22253408751128,68.1417428571427,40.91547698483434,141.3468,-94.8844,-67.12879244524814,-21.6793428571427,25.1837,141.3468,-0.4353076846058422,NORMAL,ANOMALO,0.95,cambio porcentual extremadamente alto y diferencia significativa vs media historica y media movil,2570.7309246063232,0.0,177,43
MLB3836681004,2024-01-25,72.5691,95.74903916319366,113.22253408751128,75.5683428571427,34.297348378065884,142.5396,-69.9705,-49.08846383741781,-2.99924285714269,48.7486,142.5396,-0.2047290263193567,NORMAL,ANOMALO,0.9,cambio porcentual grande y diferencia significativa vs media historica y media movil,2553.416967391968,0.0,177,41
MLB3494382481,2024-01-30,70.929,72.66453423423422,2.348237327230623,70.929,0.2592553438857984,71.497,-0.5679999999999978,-0.7944389275074449,0.0,70.787,71.497,-0.739079566923594,NORMAL,NORMAL,0.8,El precio actual se encuentra dentro de 1 desviacion estandar de la media historica y coincide con l,2796.7820167541504,0.0,177,51
MLB3836655204,2023-12-28,100.0603,76.06296687645155,85.58009999829443,98.0875142857142,83.3868514300958,41.8403,58.22,139.14814186322755,1.9727857142857916,25.6168,274.2872,0.2804078649268068,NORMAL,ANOMALO,0.95,cambio porcentual extremadamente alto y desviacion del precio historico,2632.8229904174805,0.0,177,39
MLB3836655204,2024-01-28,36.8064,76.06296687645155,85.58009999829443,29.717557142857,32.462606887919314,9.1235,27.6829,303.4241245136186,7.088842857143,8.5555,99.3645,-0.4587113928664118,NORMAL,ANOMALO,0.99,cambio porcentual extremadamente alto y diferencia significativa vs media historica y movil,2652.6713371276855,0.0,177,42
MLB3836655204,2024-02-12,72.7892,76.06296687645155,85.58009999829443,131.13598571428568,138.2014409353662,10.9269,61.86229999999999,566.1468486029888,-58.34678571428569,10.9269,331.6765,-0.0382538332642082,NORMAL,ANOMALO,0.99,cambio porcentual extremadamente alto y diferencia significativa vs media historica,2764.5721435546875,0.0,177,39
MLB3836681004,2024-02-10,79.8324,95.74903916319366,113.22253408751128,79.05444285714286,43.2808912476337,17.7784,62.054,349.04153354632587,0.7779571428571472,17.7784,148.3403,-0.1405783688738645,NORMAL,ANOMALO,0.99,cambio porcentual extremadamente alto y diferencia significativa con respecto a la media historica,2627.117872238159,0.0,177,42
MLB3836655204,2024-01-25,103.5393,76.06296687645155,85.58009999829443,40.459857142857096,33.86023320188985,25.0133,78.526,313.93698552370137,63.0794428571429,5.8078,103.5393,0.321059838921495,NORMAL,ANOMALO,0.99,cambio porcentual extremadamente alto y diferencia vs media historica significativa,2593.8050746917725,0.0,177,39
MLB3836655204,2024-02-07,52.1921,76.06296687645155,85.58009999829443,44.74318571428568,17.67595416485371,81.1814,-28.989299999999997,-35.70928808815812,7.448914285714324,28.5704,81.1814,-0.278930111955209,NORMAL,ANOMALO,0.9,cambio porcentual grande y diferencia significativa vs media historica,2542.3548221588135,0.0,177,37
MLB3836655204,2024-03-02,64.9508,76.06296687645155,85.58009999829443,97.35114285714296,81.88462051999127,54.4712,10.479599999999998,19.238790406673616,-32.40034285714296,26.2487,259.3062,-0.1298452195706076,NORMAL,ANOMALO,0.8,cambio porcentual alto y diferencia vs media historica significativa,2610.234260559082,0.0,177,37
MLB3836655204,2024-01-13,8.2218,76.06296687645155,85.58009999829443,72.84498571428566,69.85116764336532,122.901,-114.6792,-93.3102253032929,-64.62318571428565,8.2218,199.8082,-0.7927212853207275,NORMAL,ANOMALO,0.99,cambio porcentual extremadamente alto y diferencia vs media historica significativa,2738.884925842285,0.0,177,39
MLB3836681004,2024-01-04,43.6082,95.74903916319366,113.22253408751128,63.2853428571427,34.56435518227696,63.9426,-20.3344,-31.801021541194764,-19.677142857142705,13.5042,126.6782,-0.4605164473556837,NORMAL,ANOMALO,0.9,cambio porcentual grande y diferencia significativa vs media historica y movil,2821.5019702911377,0.0,177,40
MLB3836681004,2024-01-16,338.5351,95.74903916319366,113.22253408751128,160.68415714285698,108.00085691576618,44.1549,294.3802,666.6988261778421,177.85094285714302,44.1549,338.5351,2.1443263284295537,NORMAL,ANOMALO,0.99,cambio porcentual extremadamente alto y diferencia vs media historica significativa,2563.5147094726562,0.0,177,39
MLB3775035536,2024-02-29,127.09,128.76888703703705,9.974227738565292,117.26055714285714,5.6538946316843,115.7939,11.29610000000001,9.75534980685512,9.829442857142864,113.6,127.09,-0.1683225087053518,NORMAL,ANOMALO,0.8,cambio porcentual alto y diferencia vs media historica significativa,2695.240020751953,0.0,177,37
MLB3242954313,2024-03-09,39.0003,40.85639913793104,2.7844697962088385,38.0915,1.2657795358329995,36.1035,2.896800000000006,8.023598820059014,0.9088000000000064,36.1035,39.0003,-0.6665897880423354,NORMAL,ANOMALO,0.8,cambio porcentual alto y diferencia vs media historica,2575.062036514282,0.0,177,35
MLB3492637065,2024-02-01,41.3433,39.46544342105263,2.4007877731742138,40.84325714285715,0.7183274737360338,41.3433,0.0,0.0,0.5000428571428515,39.9233,41.4569,0.7821834949795307,NORMAL,NORMAL,0.8,El precio actual no ha cambiado respecto al dia anterior y se encuentra dentro de un rango razonable,2647.010087966919,0.0,177,56
MLB3836655204,2024-03-02,13.5113,76.06296687645155,85.58009999829443,42.2450000000001,30.09442408232381,52.3554,-38.844100000000005,-74.19311093029563,-28.7337000000001,10.6145,97.5966,-0.7309136922063546,NORMAL,ANOMALO,0.95,cambio porcentual extremo y diferencia significativa vs media historica y media movil,2763.4010314941406,0.0,177,42
MLB3836655204,2024-01-07,38.1625,76.06296687645155,85.58009999829443,115.58597142857128,130.1587455611515,359.5369,-321.3744,-89.3856513754221,-77.42347142857128,14.9881,359.5369,-0.4428654193297068,NORMAL,ANOMALO,0.99,cambio porcentual extremadamente alto y diferencia vs media historica significativa,2580.4057121276855,0.0,177,39
MLB3836681004,2024-03-09,409.2085,95.74903916319366,113.22253408751128,169.3989000000001,131.0757231649827,110.5257,298.68280000000004,270.2383246611422,239.8095999999999,19.4753,409.2085,2.7685253941308527,NORMAL,ANOMALO,0.99,cambio porcentual extremadamente alto y diferencia vs media historica significativa,2571.0368156433105,0.0,177,39
MLB4195198970,2024-01-28,53.2003,61.61453290322581,11.76597648765016,54.14865714285714,2.5091171540719124,53.2003,0.0,0.0,-0.9483571428571408,53.2003,59.8388,-0.7151325608126327,NORMAL,NORMAL,0.8,El precio actual es igual al del dia anterior y la diferencia con la media es pequeña en comparacion,2831.2020301818848,0.0,177,49
MLB3836681004,2023-12-14,81.9269,95.74903916319366,113.22253408751128,122.7894285714286,125.80373587579082,345.8126,-263.8857,-76.30887365006365,-40.86252857142858,23.075,345.8126,-0.1220794011843043,NORMAL,ANOMALO,0.99,cambio porcentual extremadamente alto y diferencia significativa vs media historica y media movil,2614.9091720581055,0.0,177,43
MLB3836681004,2024-01-30,19.2126,95.74903916319366,113.22253408751128,53.013671428571335,41.66205460511058,10.1246,9.088,89.76157082748948,-33.80107142857133,10.1246,132.5996,-0.6759823896652741,NORMAL,ANOMALO,0.9,cambio porcentual alto y diferencia significativa vs media historica y movil,3053.0619621276855,0.0,177,40
MLB3836655204,2024-03-05,131.4068,76.06296687645155,85.58009999829443,72.29118571428583,50.81322604967006,15.8543,115.5525,728.8401253918496,59.11561428571417,15.8543,139.5789,0.646690446940171,NORMAL,ANOMALO,0.99,cambio porcentual extremadamente alto y diferencia vs media historica significativa,2539.4113063812256,0.0,177,39
MLB2988026849,2023-12-24,37.1614,34.23653411764706,2.484599785179216,35.56085714285714,1.11140030270697,37.1614,0.0,0.0,1.6005428571428624,34.6551,37.1614,1.1771979889992574,NORMAL,NORMAL,0.8,El precio actual es igual al del dia anterior y se encuentra dentro de 1 desviacion estandar de la m,2851.8190383911133,0.0,177,47
MLB4103543604,2024-02-16,47.144,49.12117375886525,2.6552835961705106,47.058800000000005,0.0375696686218113,47.0446,0.0993999999999957,0.211288862058548,0.0851999999999932,47.0446,47.144,-0.7446186743557529,NORMAL,NORMAL,0.8,El precio actual se encuentra dentro de un rango razonable en comparacion con la media historica y l,2720.163106918335,0.0,177,58
MLB3836655204,2024-03-02,36.5011,76.06296687645155,85.58009999829443,113.89617142857152,96.09812674562998,19.6173,16.8838,86.06587043069128,-77.39507142857153,19.6173,275.0611,-0.4622788109924762,NORMAL,ANOMALO,0.9,cambio porcentual alto y diferencia significativa vs media historica y media movil,2807.2988986968994,0.0,177,41
MLB3836681004,2024-02-13,67.308,95.74903916319366,113.22253408751128,74.30352857142861,59.41251261027096,22.649,44.659000000000006,197.17868338557997,-6.995528571428608,15.9253,165.9412,-0.2511959248209301,NORMAL,ANOMALO,0.9,cambio porcentual extremadamente alto y desviacion del precio historico,2562.221050262451,0.0,177,39
MLB3836655204,2024-01-24,191.4586,76.06296687645155,85.58009999829443,60.11062857142851,61.41467916046263,78.4763,112.9823,143.9699629059984,131.3479714285715,15.8898,191.4586,1.3483932960158296,NORMAL,ANOMALO,0.99,cambio porcentual extremadamente alto y diferencia vs media historica significativa,2643.2158946990967,0.0,177,39
MLB3836655204,2024-02-16,4.5085,76.06296687645155,85.58009999829443,129.8661,94.0483394285264,57.4887,-52.9802,-92.15758923057923,-125.3576,4.5085,264.2336,-0.8361110453191396,NORMAL,ANOMALO,0.99,cambio porcentual extremadamente alto y diferencia vs media historica significativa,3497.792959213257,0.0,177,39
MLB3836681004,2024-01-10,42.3728,95.74903916319366,113.22253408751128,54.186185714285536,37.28610937760282,98.0013,-55.6285,-56.763022531333775,-11.813385714285538,12.9078,109.2903,-0.4714277028742718,NORMAL,ANOMALO,0.9,cambio porcentual grande y diferencia significativa vs media historica y media movil,2659.4748497009277,0.0,177,41
MLB3836655204,2024-02-20,61.7203,76.06296687645155,85.58009999829443,81.69462857142855,72.09885493398802,14.271,47.4493,332.4875621890547,-19.97432857142855,14.271,198.6225,-0.1675934811371038,NORMAL,ANOMALO,0.99,cambio porcentual extremadamente alto y diferencia significativa vs media historica y media movil,2544.217824935913,0.0,177,43
MLB3254371773,2024-02-25,17.0187,16.710164556962027,0.9284167938413548,16.528799999999997,0.8345747240361465,16.969,0.0496999999999978,0.2928870292886902,0.4899000000000022,15.3076,17.04,0.3323242769426363,NORMAL,NORMAL,0.8,El precio actual esta dentro de 1 desviacion estandar de la media historica,2678.8599491119385,0.0,177,39
MLB3836655204,2024-01-05,46.7322,76.06296687645155,85.58009999829443,76.83924285714275,66.53197307961354,132.7061,-85.97389999999999,-64.7851907335081,-30.10704285714275,7.9023,201.2921,-0.3427288221631994,NORMAL,ANOMALO,0.95,cambio porcentual extremo y diferencia significativa vs media historica y media movil,2765.3188705444336,0.0,177,42
MLB3836655204,2024-03-08,217.9842,76.06296687645155,85.58009999829443,78.16694285714298,69.77039610032506,77.6811,140.30309999999997,180.6142034548944,139.817257142857,11.3245,217.9842,1.6583438569222684,NORMAL,ANOMALO,0.99,cambio porcentual extremadamente alto y diferencia vs media historica significativa,2554.6839237213135,0.0,177,39
MLB3387261687,2024-01-16,239.98,244.34597014925373,13.40912253269566,238.56,6.429323448077153,242.82,-2.8400000000000034,-1.1695906432748553,1.4199999999999875,227.91,244.95,-0.3255970057214528,NORMAL,NORMAL,0.8,El precio actual se encuentra dentro de un rango razonable en relacion con la media historica y la d,2665.7941341400146,0.0,177,61
MLB3836655204,2024-01-11,38.1909,76.06296687645155,85.58009999829443,66.10809999999988,79.36420090105874,16.2732,21.9177,134.68586387434556,-27.91719999999988,4.3026,189.925,-0.4425335664807706,NORMAL,ANOMALO,0.9,cambio porcentual alto y diferencia significativa vs media historica y movil,2764.2030715942383,0.0,177,40
MLB3836655204,2024-02-28,161.5392,76.06296687645155,85.58009999829443,121.89787142857152,120.84740523136011,297.3622,-135.82299999999998,-45.67594670741608,39.64132857142848,8.0727,297.3622,0.9987863196615112,NORMAL,ANOMALO,0.9,cambio porcentual grande y diferencia significativa vs media historica y movil,2764.9919986724854,0.0,177,40
MLB3106892905,2024-01-23,212.0486,213.67760625,7.330647806356998,219.88902857142855,9.487939553228331,210.941,1.1075999999999908,0.5250757320767374,-7.840428571428589,210.941,231.1689,-0.2222185938826817,NORMAL,NORMAL,0.8,El cambio porcentual es bajo y el precio actual se encuentra dentro de 1 desviacion estandar de la m,2780.3680896759033,0.0,177,48
MLB4293467490,2024-01-22,26.9658,26.802171296296297,2.0003985144110943,26.75077142857143,0.2584996242053237,26.9019,0.0639000000000002,0.2375296912114024,0.2150285714285722,26.27,26.9658,0.0817980525914833,NORMAL,NORMAL,0.8,El cambio porcentual es bajo y la diferencia con la media historica es pequena en comparacion con la,2747.5359439849854,0.0,177,49
MLB3836655204,2024-01-10,131.2506,76.06296687645155,85.58009999829443,81.34165714285702,47.77009497565548,16.2164,115.0342,709.3695271453589,49.908942857142975,16.2164,139.3233,0.6448652562710215,NORMAL,ANOMALO,0.99,cambio porcentual extremadamente alto y diferencia vs media historica significativa,2561.936855316162,0.0,177,39
MLB3836655204,2024-02-13,202.8186,76.06296687645155,85.58009999829443,146.35737142857138,73.72818121358002,54.173,148.6456,274.3905635648755,56.46122857142862,54.173,256.1538,1.4811344355903218,NORMAL,ANOMALO,0.99,cambio porcentual extremadamente alto y diferencia significativa vs media historica y media movil,2659.1391563415527,0.0,177,43
MLB3836655204,2024-03-11,180.0063,76.06296687645155,85.58009999829443,155.81355714285726,192.6359470049044,57.0343,122.972,215.610606249222,24.192742857142747,2.3004,529.8162,1.2145736346822948,NORMAL,ANOMALO,0.95,cambio porcentual extremadamente alto y desviacion del precio actual respecto a la media historica y,2766.669988632202,0.0,177,48
MLB3836681004,2024-03-03,62.8279,95.74903916319366,113.22253408751128,44.22082857142868,30.873826690454383,28.5846,34.243300000000005,119.79632389468458,18.60707142857132,7.6751,88.608,-0.2907649031670745,NORMAL,ANOMALO,0.9,cambio porcentual alto y diferencia significativa vs media historica y movil,2761.6758346557617,0.0,177,40
MLB4287302192,2023-12-27,85.1148,89.78599390243903,5.112044216692489,84.79732857142858,0.9076132504437242,83.9078,1.2070000000000078,1.4384836689795322,0.3174714285714231,83.1978,85.8248,-0.9137624197475516,NORMAL,NORMAL,0.8,El precio actual se encuentra dentro de 1 desviacion estandar de la media historica y la media movil,2764.460802078247,0.0,177,45
MLB3836681004,2024-01-23,247.5699,95.74903916319366,113.22253408751128,115.29791428571414,78.12306346494788,50.6159,196.954,389.11488287277314,132.27198571428585,11.9919,247.5699,1.3409067554171927,NORMAL,ANOMALO,0.99,cambio porcentual extremadamente alto y diferencia vs media historica significativa,2668.8671112060547,0.0,177,39
MLB3836655204,2024-03-07,26.2132,76.06296687645155,85.58009999829443,85.69801428571441,123.36061178931814,348.6384,-322.4252,-92.4812642554578,-59.48481428571441,5.325,348.6384,-0.5824925055196256,NORMAL,ANOMALO,0.99,cambio porcentual extremadamente alto y diferencia vs media historica significativa,2855.1652431488037,0.0,177,39
MLB3836655204,2024-01-21,81.4228,76.06296687645155,85.58009999829443,53.05829999999998,36.648628301574114,2.1797,79.2431,3635.5048859934855,28.36450000000001,2.1797,102.7299,0.0626294328124057,NORMAL,ANOMALO,0.99,cambio porcentual extremadamente alto y diferencia significativa vs media historica,2766.0000324249268,0.0,178,39
MLB3836655204,2024-02-21,45.3051,76.06296687645155,85.58009999829443,86.04692857142864,79.94736289352497,52.3554,-7.0503,-13.466232709519934,-40.74182857142864,24.7932,257.1904,-0.3594044278222448,NORMAL,ANOMALO,0.9,"precio actual muy por debajo de la media historica y media movil, con una gran diferencia porcentual",2552.370071411133,0.0,177,46
MLB3836655204,2024-01-13,32.8801,76.06296687645155,85.58009999829443,68.27867142857139,63.40659014418383,27.2498,5.630299999999998,20.661803022407497,-35.39857142857139,7.597,155.5326,-0.5045900492318456,NORMAL,ANOMALO,0.8,cambio porcentual alto y diferencia significativa vs media historica,2809.4489574432373,0.0,177,37
MLB3836681004,2024-01-25,148.6101,95.74903916319366,113.22253408751128,189.32961428571411,178.4575490196985,297.8805,-149.2704,-50.11083303539506,-40.71951428571416,24.5518,545.5214,0.4668775633592558,NORMAL,ANOMALO,0.9,cambio porcentual mayor al 50% y diferencia vs media historica significativa,2623.810052871704,0.0,177,41
MLB3836655204,2024-01-24,95.5731,76.06296687645155,85.58009999829443,96.28715714285708,48.12892567583241,38.2832,57.2899,149.64762611275964,-0.7140571428570723,38.2832,155.9373,0.2279751147948824,NORMAL,ANOMALO,0.9,cambio porcentual extremadamente alto y desviacion del precio historico,2693.8366889953613,0.0,177,39
MLB3836655204,2024-01-06,23.2454,76.06296687645155,85.58009999829443,116.46941428571417,101.13217381963548,239.7528,-216.5074,-90.30443022980336,-93.22401428571416,23.2454,257.6519,-0.6171711282334617,NORMAL,ANOMALO,0.99,cambio porcentual extremadamente alto y diferencia vs media historica significativa,2645.6401348114014,0.0,177,39
MLB3836655204,2024-01-08,24.8216,76.06296687645155,85.58009999829443,70.23725714285702,53.04934734420812,53.6689,-28.8473,-53.750496097367375,-45.415657142857015,24.8216,172.2034,-0.5987532951175009,NORMAL,ANOMALO,0.9,cambio porcentual mayor al 50% y diferencia vs media historica significativa,2538.8882160186768,0.0,177,41
MLB3836655204,2024-03-05,50.339,76.06296687645155,85.58009999829443,60.08121428571441,41.77920528035659,73.7264,-23.3874,-31.72187981510016,-9.742214285714413,8.8182,125.0949,-0.3005835103482981,NORMAL,ANOMALO,0.9,cambio porcentual grande y diferencia significativa vs media historica y media movil,2869.7519302368164,0.0,177,41
MLB3836681004,2024-01-29,146.3949,95.74903916319366,113.22253408751128,118.39554285714276,71.84188913850738,41.819,104.5759,250.0679117147708,27.99935714285725,8.7259,209.237,0.4473125534638566,NORMAL,ANOMALO,0.99,cambio porcentual extremadamente alto y diferencia significativa vs media historica y media movil,3227.3459434509277,0.0,177,43
MLB3836655204,2023-12-28,7.2207,76.06296687645155,85.58009999829443,107.8226285714285,124.22823650702692,67.4429,-60.2222,-89.29360985366881,-100.6019285714285,7.2207,355.3124,-0.8044190982457297,NORMAL,ANOMALO,0.99,cambio porcentual extremadamente alto y diferencia vs media historica significativa,2541.642904281616,0.0,177,39
MLB3836681004,2024-02-25,166.5802,95.74903916319366,113.22253408751128,165.4513000000001,221.281286385006,84.2344,82.3458,97.757923128793,1.128899999999902,12.0984,649.9482,0.6255924352991783,NORMAL,ANOMALO,0.9,cambio porcentual alto y diferencia significativa vs media historica,2524.412155151367,0.0,177,37
MLB3836669552,2024-02-29,77.5249,258.816287962021,197.4753623256356,229.46895714285716,162.49629851703077,495.012,-417.4871,-84.33878370625358,-151.94405714285713,77.5249,495.012,-0.918045602336418,NORMAL,ANOMALO,0.99,cambio porcentual extremadamente alto y diferencia vs media historica significativa,2662.445068359375,0.0,177,39
MLB3836681004,2024-02-19,158.5501,95.74903916319366,113.22253408751128,135.97311428571433,106.51886795355963,50.6159,107.93419999999998,213.2416888764202,22.57698571428565,18.6517,300.5927,0.5546692744283556,NORMAL,ANOMALO,0.99,cambio porcentual extremadamente alto y diferencia significativa vs media historica y media movil,2559.937000274658,0.0,177,43
